"转让人","受让人","申请人地区","受让人地址","转让人省份","受让人省份"
"平安普惠企业管理有限公司","珠海名家色彩创意设计有限公司","广东","519000 广东省珠海市横琴新区环岛东路1889号创意谷19栋511室","广东","51"
"上海契云科技有限公司","上海契智科技有限公司","上海","201600 上海市松江区九亭镇朱金公路675号6幢1楼101室","上海","20"
"新昌县云意文化有限公司","上海道麟工业科技有限公司","浙江","201108 上海市闵行区颛兴东路1058弄11号1楼、2楼","浙江","20"
"深圳市俊达通办公智能科技有限公司","山东中科好靓科技有限公司","山东","276000 山东省临沂市经济技术开发区合肥路与沃尔沃路交汇西200米沂蒙云谷孵化器3层","山东","27"
"万宇龙","上海一三二二智能科技有限公司","江西","201900 上海市宝山区地杰路58号1幢1层D区774室","江西","20"
"成都仟艺家居用品有限公司","成都仟艺家信息科技有限公司","四川","610000 四川省成都市高新区天晖中街56号1栋14层1405号","四川","61"
"上海斐讯数据通信技术有限公司; 四川斐讯全智信息技术有限公司","台州市吉吉知识产权运营有限公司; 上海斐讯数据通信技术有限公司","四川","318015 浙江省台州市椒江区洪家街道东环大道2388号农港城A区2-3167号; 201616 上海市松江区思贤路3666号","四川","31"
"无锡赛思汇智科技有限公司","苏州美信互联信息技术有限公司","江苏","215000 江苏省苏州市高新区科技城科灵路78号06号楼5楼","江苏","21"
"沈阳航空航天大学","湖北省智汇创想科技有限公司","湖北","435500 湖北省黄冈市黄梅县黄梅镇黄梅大道东方阳光城6栋1702室(自主申报)","湖北","43"
"上海南洋云海数据科技有限公司","上海南洋万邦软件技术有限公司","上海","200233 上海市长宁区金钟路658弄17号乙三层3353室","上海","20"
"河海大学; 南京河海科技有限公司; 国家电网公司; 江苏省电力公司南京供电公司; 中国电力科学研究院; 江苏省电力公司; 国网重庆市电力公司","河海大学; 国家电网公司; 江苏省电力公司南京供电公司; 中国电力科学研究院; 江苏省电力公司; 国网重庆市电力公司","江苏","211100 江苏省南京市江宁区佛城西路8号","江苏","21"
"平安普惠企业管理有限公司","工业和信息化部国际经济技术合作中心","北京","100089 北京市海淀区万寿路27号","北京","10"
"中兴通讯股份有限公司","杨义成","广东","132602 吉林省吉林市舒兰市吉舒街丰庆委十四组","广东","13"
"钟祥博谦信息科技有限公司","桐乡市诺创信息科技有限公司","湖北","314500 浙江省嘉兴市桐乡市乌镇镇子夜路77号3楼333室","湖北","31"
"林暄智陈庆鸿; 陈国星","华虹精密股份有限公司","台湾",NA,"台湾","Unknown"
"易特智行科技(广州)有限公司; 易特智行科技(张家口)有限公司","易特智行科技(张家口)有限公司; 易特氢智科技(广州)有限公司","河北","075001 河北省张家口市经济开发区南山经济开发区经一路东侧3楼8352房; 510000 广东省广州市海珠区琶洲大道178号1201室(部位 : 自编1202)","河北","07"
"朵漫(佛山)品牌管理传媒有限公司; 张立伟; 于乐辰","张立伟; 于乐辰; 西安腾势坤元科技发展有限公司","广东","710100 陕西省西安市长安区锦业二路90号9栋2单元3层302号; 710000 陕西省西安市碑林区永宁路大话南门5号楼一单元11803室","广东","71"
"北京中电飞华通信股份有限公司; 国家电网有限公司; 北京国电通网络技术有限公司","北京中电普华信息技术有限公司; 国家电网有限公司; 北京中电飞华通信股份有限公司; 北京国电通网络技术有限公司; 国家电网公司","北京","100192 北京市海淀区清河小营东路15号科研楼710室; 100070 北京市丰台区航丰路1号时代财富天地大厦28层","北京","10"
"湖北用芯物联科技有限公司","深圳市融智兴科技有限公司","湖北","518000 广东省深圳市龙华新区观澜凹背社区大富工业区9号金豪创业园F栋二.三楼","湖北","51"
"无锡曼莱特科技合伙企业(有限合伙); 慕福奇","上海北通导控科技发展有限公司; 无锡曼莱特科技合伙企业(有限合伙)","重庆","200000 上海市杨浦区江浦路1380号332幢; 214000 江苏省无锡市经济开发区高浪东路999号-8-D1-902-21","重庆","20"
"广州飞宇智能科技有限公司","广州伊隆科技有限公司","广东","510725 广东省广州市黄埔区黄埔东路3889号1308铺-G2","广东","51"
"河海大学常州校区; 上海极臻三维设计有限公司","上海极臻三维设计有限公司; 上海汲臻智能科技有限公司","江苏","201600 上海市松江区莘砖公路668号双子楼B103-1; 201612 上海市松江区新桥镇莘砖公路668号2304室-1","江苏","20"
"太平洋水处理工程有限公司","贾伯林","江苏","226000 江苏省南通市崇川区新桃园3幢602室","江苏","22"
"刘昌宏","重庆中烟工业有限责任公司","重庆","400060 重庆市南岸区南坪东路2号","重庆","40"
"郭明松","上海松尚网络科技有限公司","上海","201207 上海市浦东新区张江高科技园区海趣路218号1206室","上海","20"
"千兆科技(深圳)有限公司","深圳市迅雷网文化有限公司","广东","518000 广东省深圳市南山区高新园北环大道9018号大族创新大厦A区4层401","广东","51"
"翼胜管理顾问有限公司; TCL通讯科技控股有限公司; 中国香港应用科技研究院有限公司","TCL通讯科技控股有限公司; 翼胜管理顾问有限公司","香港","中国香港九龙尖沙咀广东道33号中港城第3座19楼1910-12A室; 英属维尔京群岛托托拉岛罗德镇威克汉姆1号礁OMC室","香港","中国"
"广州安望信息科技有限公司","深圳软通动力信息技术有限公司","广东","518019 广东省深圳市罗湖区东晓街道布吉路1028号中设广场A栋2-24层","广东","51"
"曹敏清","南京思伯特企业管理咨询有限公司","广东","211100 江苏省南京市江宁区天元东路58号致远大厦6楼629室(江宁高新园)","广东","21"
"武汉科技大学; 湖州信倍连网络科技有限公司","湖州信倍连网络科技有限公司; 江苏润云数字科技有限公司","湖北","313000 浙江省湖州市吴兴区高新区七幸路656号1幢1-C; 212000 江苏省镇江市润州区东方伟业广场2号楼310室","湖北","31"
"塔普思科技公司","珠海兴芯存储科技有限公司","广东","广东省珠海市高新区金唐路1号港湾1号科创园湾9栋B区四层403室","广东","广东"
"江苏彰旗物联网科技有限公司","江苏铂原信息技术有限公司","江苏","214434 江苏省无锡市江阴市澄江中路159号A座9楼整层","江苏","21"
"杭州十尾网络科技有限公司","乐荐健康科技集团有限公司","浙江","100020 北京市朝阳区光华路8号17幢三层A308房间","浙江","10"
"深圳矽感科技有限公司; 武汉矽感科技有限公司","武汉矽感科技有限公司; 武汉矽感数码有限公司","湖北","430023 湖北省武汉市东西湖区三店农场二大队","湖北","43"
"METROPCS无线公司","T移动美国公司","美国","美国华盛顿州","美国","美国"
"王介生","北京凯平艾森信息技术有限公司","北京",NA,"北京","Unknown"
"李莹莹; 尤红建","北京市遥感信息研究所","北京","100011 北京市朝阳区外馆斜街6号院","北京","10"
"付国海","合肥荣事达电子电器集团有限公司","安徽","230000 安徽省合肥市长丰双凤经济开发区","安徽","23"
"精硕科技(北京)股份有限公司; 恩亿科(北京)数据科技有限公司","恩亿科(北京)数据科技有限公司; 上海明略人工智能(集团)有限公司","北京","100000 北京市海淀区西小口路66号东升科技园·北领地D-1楼1层136A(东升地区); 200030 上海市徐汇区云锦路701号29、30、31、32层","北京","10"
"北京优纳科技有限公司","武汉优云智能医疗科技有限公司","北京","430000 湖北省武汉市东湖新技术开发区高新大道818号武汉高科医疗器械园B区22号楼3层1号、2号、3号301和2层2号","北京","43"
"北京科东电力控制系统有限责任公司; 国网辽宁省电力有限公司鞍山供电公司; 国网冀北电力有限公司电力科学研究院","国家电网公司; 北京科东电力控制系统有限责任公司; 国网辽宁省电力有限公司鞍山供电公司; 国网冀北电力有限公司电力科学研究院","北京","100031 北京市西城区西长安街86号","北京","10"
"杭州市第一人民医院","宁波君瑞康复技术有限公司","浙江","315299 浙江省宁波市招宝山街道威海路388号","浙江","31"
"韶关西氪信息技术有限公司","南宁市尚汇电子科技有限公司","广东","530000 广西壮族自治区南宁市中国(广西)自由贸易试验区南宁片区坛兴路27号魅力之城11号楼二十层2006号","广东","53"
"诸暨掌云网络科技有限公司","常州赛华汉诚电子有限公司","浙江","213165 江苏省常州市武进区礼嘉镇坂上坂新路8号","浙江","21"
"燕山大学","深蓝信息技术(唐山)股份有限公司","河北","064400 河北省唐山市迁安市荣茂大厦6楼","河北","06"
"韩铮; 泽普互动(北京)科技有限公司; 泽普互动(天津)科技有限公司","泽普互动(北京)科技有限公司; 泽普互动(天津)科技有限公司; 北京顺源开华科技有限公司","天津","100101 北京市朝阳区慧忠里103号洛克时代中心B1010; 300300 天津市天津空港经济区保航路1号航空产业支持中心645JJ72房间; 100000 北京市海淀区东北旺西路8号院23号楼2层206-2号","天津","10"
"重庆邮电大学","未来(重庆)科技有限公司","重庆","400000 重庆市长寿区渡舟街道果园村6组","重庆","40"
"浪潮通用软件有限公司; 山东浪潮通软信息科技有限公司","浪潮城市服务科技有限公司; 浪潮通用软件有限公司","山东","250100 山东省济南市高新区浪潮路1036号S01楼8层; 250000 山东省济南市浪潮路1036号","山东","25"
"深圳市英旺微电子有限公司","陆志春","广东","广东省深圳市南山区深南大道10128号南山软件园大厦西塔楼2003、2004室","广东","广东"
"广东小明空间网络科技有限公司","湖北基业长青新材料有限公司","湖北","441534 湖北省襄阳市南漳县九集镇经济开发区白马山村","湖北","44"
"东莞温思帝寝具科技有限公司; 宁波雅露斯智能家居有限公司","宁波雅露斯智能家居有限公司; 苏州雅露斯智能家居有限公司","广东","315800 浙江省宁波市北仑区梅山盐场1号办公楼十八号378室; 215000 江苏省苏州市吴江区盛泽镇西二环路1188号10号楼109室","广东","31"
"章文春","上海百出信息科技有限公司","浙江","200000 上海市崇明区长兴镇江南大道1333弄11号楼(临港长兴科技园)","浙江","20"
"安徽师范大学","成都尧它大数据有限公司","安徽","610000 四川省成都市金牛高新技术产业园区天龙大道1333号6栋3层7号","安徽","61"
"北京逸智联科技有限公司; 韩少卿","武汉利楚商务服务有限公司; 北京逸智联科技有限公司","湖北","430080 湖北省武汉市青山区和平大道1540号钰龙时代中心第17-26层2501-2512室; 102488 北京市房山区良乡凯旋大街建设路18号-D1948","湖北","43"
"英特尔德国有限责任公司; 英特尔公司","英特尔公司; 苹果公司","德国","美国加利福尼亚州","德国","美国"
"北京航空航天大学","南通图加智能科技有限公司","北京","226000 江苏省南通市开发区广州路42号452室","北京","22"
"英业达股份有限公司","深圳市鑫达辉软性电路科技有限公司","台湾","广东省深圳市坪山新区坑梓秀新社区新村工业区","台湾","广东"
"徐梦兰","康毅系统整合股份有限公司","台湾",NA,"台湾","Unknown"
"张正","中山友电电子有限公司","广东","528463 广东省中山市三乡镇雍陌村前洋一路20号","广东","52"
"深圳市齐创美科技有限公司; 浙江工业大学","上海净邻网络科技有限公司; 深圳市齐创美科技有限公司","浙江","200030 上海市徐汇区天钥桥路329号708-100室; 518101 广东省深圳市宝安区新安二路TATA公寓H栋109B","浙江","20"
"北京航空航天大学","北京蓝威技术有限公司","北京","100191 北京市海淀区学院路35号世宁大厦1008","北京","10"
"哈尔滨工业大学","哈尔滨工业大学; 南京中电芯谷高频器件产业技术研究院有限公司","黑龙江","150001 黑龙江省哈尔滨市南岗区西大直街92号","黑龙","15"
"诺基亚公司; 维睿格公司","维睿格公司; 维睿格基础设施公司","芬兰","美国纽约","芬兰","美国"
"重庆邮电大学","佛山中采投资科技有限公司","重庆","528200 广东省佛山市禅城区文华北路223号之一栋5层523单元","重庆","52"
"深圳市法兰智联股份有限公司","深圳市法兰文化产业有限公司","广东","518000 广东省深圳市龙岗区坂田街道新雪社区金鹏工业区乙栋厂房备注(16号厂房301)","广东","51"
"同方知网(北京)技术有限公司; 《中国学术期刊(光盘版)》电子杂志社有限公司; 同方知网数字出版技术股份有限公司","同方知网数字出版技术股份有限公司; 《中国学术期刊(光盘版)》电子杂志社有限公司; 同方知网(北京)技术有限公司","北京","100192 北京市海淀区西小口路66号中关村东升科技园B-2号楼二层B201-B203、B205-B210室(东升地区); 100192 北京市海淀区西小口路66号东升科技园北领地A2楼","北京","10"
"宁波金风绿能能源有限公司","北京天润新能投资有限公司","北京","100020 北京市朝阳区安定路5号院3号楼第22层06单元","北京","10"
"池州市贵鸿信息技术有限公司; 黑龙江禹桥科技开发有限公司","卓尔德数字科技(苏州)有限公司; 池州市贵鸿信息技术有限公司","江苏","215500 江苏省苏州市常熟世茂·商务中心广场A幢2004; 247100 安徽省池州市贵池区清溪街道站前区站前路池州徽商城25幢102、102复式一、102复式二","江苏","21"
"尹兵","上海星地通讯工程研究所","上海","201821 上海市嘉定区嘉定工业开发区叶城路1288号","上海","20"
"芯华章科技股份有限公司","芯华章科技(北京)有限公司","江苏","100015 北京市朝阳区东直门外西八间房万红西街2号21幢一层D座D1001","江苏","10"
"国网浙江省电力有限公司电力科学研究院; 国网浙江省电力有限公司; 北京中恒博瑞数字电力科技有限公司","国网浙江省电力有限公司电力科学研究院; 国网浙江省电力有限公司","浙江","310014 浙江省杭州市拱墅区朝晖八区华电弄1号","浙江","31"
"广东电网有限责任公司电力科学研究院; 广东电科院能源技术有限责任公司","广东电科院能源技术有限责任公司","广东","510000 广东省广州市越秀区西华路捶帽新街1-3号华业大厦附楼501-503室","广东","51"
"科学出版社成都有限责任公司","四川旅游学院; 科学出版社成都有限责任公司","四川","610100 四川省成都市龙泉驿区红岭路459号","四川","61"
"长江大学","武汉兴讯宽科技有限公司","湖北","430074 湖北省武汉市洪山区邮科院路88号烽火创新谷1号楼5楼10区A-015号","湖北","43"
"广东华博企业管理咨询有限公司; 鸿富锦精密工业(深圳)有限公司; 鸿海精密工业股份有限公司","国网上海市电力公司; 广东华博企业管理咨询有限公司","广东","200002 上海市浦东新区源深路1122号; 510640 广东省广州市天河区金颖路1号1106自编之二房","广东","20"
"王龙","贵州自留地科技有限责任公司","贵州","550081 贵州省贵阳市观山湖区林城西路摩根中心B座第10层B-10-072","贵州","55"
"皇家飞利浦有限公司","皇家飞利浦有限公司; 芝加哥大学","荷兰","荷兰艾恩德霍芬","荷兰","荷兰"
"海南大学","海南慧邻科技有限公司","海南","570100 海南省海口市美兰区人民大道45号侨达花园B1座第15层1503房","海南","57"
"浪潮软件集团有限公司; 山东健康医疗大数据有限公司","浪潮软件股份有限公司","山东","250100 山东省济南市高新区浪潮路1036号","山东","25"
"易卡诺技术有限公司; 印度技术研究院","伊卡诺斯通信公司; 印度技术研究院","美国","美国加利福尼亚州","美国","美国"
"海信电子科技(武汉)有限公司","VIDAA(荷兰)国际控股有限公司","荷兰","荷兰戴文市英派克特大街83号","荷兰","荷兰"
"朱亚光","上海和汇安全用品有限公司; 朱亚光","上海","201401 上海市奉贤区西渡街道奉金路288号","上海","20"
"艾威盖特有限公司","内特林克兹科技企业有限公司","澳大利亚","澳大利亚新南威尔士州悉尼","澳大","澳大"
"广州知弘科技有限公司","广东易积网络股份有限公司","广东","510665 广东省广州市天河区建中路48-50号第三层之一","广东","51"
"深圳市飘飘宝贝有限公司","深圳市六六六国际旅行社有限公司","广东","518000 广东省深圳市南山区粤海街道大冲社区大冲商务中心(二期)1栋1号楼17D","广东","51"
"奥菲(泰州)光电传感技术有限公司","安徽诺乐知识产权服务有限公司","安徽","234000 安徽省宿州市宿马园区科创大厦11层013室","安徽","23"
"南京林业大学","上海形宙数字技术有限公司","江苏","200233 上海市松江区九亭镇九新公路339号1幢14层","江苏","20"
"匡新华","深圳阿比特科技有限公司","广东","518000 广东省深圳市宝安区福海街道和平社区重庆路美盛工业园A栋厂房","广东","51"
"田纯静","西安卓华联盛科技有限公司","海南","710075 陕西省西安市高新区鱼化街办软件新城天谷八路156号云汇谷C2栋18楼","海南","71"
"祝晓鹏","新疆量子通信技术有限公司","新疆","830002 新疆维吾尔自治区乌鲁木齐市沙依巴克区文化宫路59号吉祥苑小区1栋B座805室","新疆","83"
"腾讯科技(深圳)有限公司; 腾讯科技(北京)有限公司","腾讯科技(北京)有限公司; 深圳市雅阅科技有限公司","广东","100089 北京市海淀区海淀大街38号银科大厦16层1601-1608室; 518000 广东省深圳市宝安区新安街道海滨社区宝兴路6号海纳百川总部大厦A座14层1402","广东","10"
"青岛有容信息科技有限公司","青岛有容发展有限公司","山东","266555 山东省青岛市黄岛区峨眉山路396号19号楼217室","山东","26"
"池州易创电子科技有限公司","东至县文元瓷砖加工厂","安徽","247100 安徽省池州市东至县尧渡镇徐村洪村组","安徽","24"
"许堪枪","科寻科汇(上海)科技服务有限公司","河南","200000 上海市闵行区申昆路2377号4幢901-1138室","河南","20"
"武汉迈威光电技术有限公司","武汉迈威通信有限公司","湖北","430073 湖北省武汉市东湖新技术开发区光谷大道58号关南福星医药园6栋9层08室","湖北","43"
"李冬","北京嘉年华业科技有限公司","北京","100080 北京市海淀区海淀南路19号第九层9009室","北京","10"
"陕西心像信息科技有限公司","天津市住房和城乡建设综合行政执法总队","陕西","300202 天津市河西区陈塘庄街道郁江道与内江路交口安融大厦1号楼","陕西","30"
"苏宇航","中诚工程建设管理(苏州)股份有限公司","江苏","215010 江苏省苏州市高新区潇湘路99号1幢101室5-8F、19F","江苏","21"
"深圳立专技术转移中心有限公司; 重庆邮电大学","北京创联云睿科技有限公司; 深圳立专技术转移中心有限公司","重庆","100000 北京市朝阳区将台乡酒仙桥北路乙10号院2号楼星地中心B座5层513室; 518000 广东省深圳市龙华区大浪街道高峰社区华荣路39号科源商务大厦康瑞时代广场509","重庆","10"
"扬州大学","苏州方石科技有限公司","江苏","215000 江苏省苏州市相城区高铁新城青龙港路286号长三角国际研发社区启动区11#102室","江苏","21"
"努比亚技术有限公司; 枣庄柳泉通信科技有限公司","枣庄柳泉通信科技有限公司; 山东大运河投资运营有限公司","广东","277400 山东省枣庄市台儿庄经济开发区广进路西侧台中路北侧科创园3层322室; 277400 山东省枣庄市台儿庄区兰祺路275号","广东","27"
"深圳市贝多福科技有限公司","深圳市标盛科技投资有限公司","广东","518000 广东省深圳市南山区西丽街道同沙路168号凯达尔集团中心大厦A座21楼2104","广东","51"
"国网信息通信有限公司; 北京邮电大学中国电力科学研究院; 国家电网有限公司; 北京邮电大学; 中国电力科学研究院有限公司","国家电网公司; 国网信息通信有限公司北京邮电大学中国电力科学研究院; 国家电网有限公司; 国家电网有限公司信息通信分公司; 北京邮电大学; 中国电力科学研究院有限公司","北京","100031 北京市西城区西长安街86号","北京","10"
"华为技术有限公司; 广东高航知识产权运营有限公司; 张明芳","广东高航知识产权运营有限公司; 张明芳; 江苏恒源金属材料有限公司","广东","510640 广东省广州市天河区五山路中公教育大厦371-1号2401单元; 061000 河北省沧州市献县韩村镇邵束州村469号; 221325 江苏省徐州市邳州市陈楼镇大孙街东白合路南侧","广东","51"
"张振华","江苏朗明智能科技有限公司","江苏",NA,"江苏","Unknown"
"合肥万古网络科技有限公司","雷音云计算(山东)有限公司","山东","250000 山东省济南市中国(山东)自由贸易试验区济南片区新泺大街1166号奥盛大厦2-2511","山东","25"
"NXP股份有限公司; 台湾积体电路制造股份有限公司","耐智亚有限公司; 台湾积体电路制造股份有限公司","荷兰","荷兰艾恩德霍芬","荷兰","荷兰"
"广东智江网络有限公司","江西蔚乐科技有限公司","江西","344000 江西省抚州市南城县校具产业园C7栋厂房","江西","34"
"青岛尚慧信息技术有限公司","国网内蒙古东部电力有限公司兴安供电公司","内蒙古","137400 内蒙古自治区兴安盟乌兰浩特市陵园路79号","内蒙","13"
"吉林大学","吉林大学; 吉林省驭功智能科技有限责任公司","吉林","130000 吉林省长春市前进大街2699号","吉林","13"
"电子科技大学","成都尘芯物联科技有限公司","四川","610000 四川省成都市高新区世纪城南路599号D区5幢-1层A05号","四川","61"
"河南科技大学","河南群智信息技术有限公司","河南","471000 中国(河南)自由贸易试验区洛阳片区涧西区龙裕路洛阳国家大学科技园3-1号楼202室","河南","47"
"宁波富万信息科技有限公司","深圳前海大数金融服务有限公司","广东","518000 广东省深圳市前海深港合作区前湾一路1号A栋201室(入驻深圳市前海商务秘书有限公司)","广东","51"
"北京喜禽药业有限公司","北京生泰尔科技股份有限公司","北京","102600 北京市大兴区中关村科技园区大兴生物医药产业基地永大路44号","北京","10"
"李国平","深圳市普特斯科技有限公司","四川","518000 广东省深圳市光明新区公明街道合水口村文阁路中裕绿色高新产业园B栋9楼C区","四川","51"
"成都虹昇光电科技有限公司","四川海图电子科技有限公司","四川","610041 四川省成都市高新区天华路299号英郡一期","四川","61"
"李嘉豪","捷飞有限公司","台湾",NA,"台湾","Unknown"
"北京凡达讯科技有限公司","广州奥翼电子科技有限公司","北京","511458 广东省广州市南沙区西部工业区伟立路3号B栋一层、二层","北京","51"
"李晓明","广州融声信息科技有限公司","广东","510000 广东省广州市东圃二马路67号大埔商贸园8号楼228室","广东","51"
"英业达股份有限公司","史慧玉","台湾","天津市南开区冶金路泾水园10号楼2门601号","台湾","天津"
"幻视互动(北京)科技有限公司","江苏洪旭德生科技有限公司","江苏","212310 江苏省镇江市丹阳市开发区杏虎路","江苏","21"
"北京华旗资讯数码科技有限公司; 北京华旗数码技术实验室有限责任公司","爱国者数码科技有限公司","北京","100080 北京市海淀区北四环西路58号理想国际大厦11层","北京","10"
"马铁军","无锡臻永科技有限公司","江苏","214000 江苏省无锡市梁溪区南湖大道855号801-02室","江苏","21"
"深圳迈辽技术转移中心有限公司; 中兴通讯股份有限公司","深圳深略智慧信息服务有限公司; 深圳迈辽技术转移中心有限公司","广东","518000 广东省深圳市福田区福田街道彩田路彩虹新都海鹰大厦23F; 518000 广东省深圳市龙华新区大浪街道龙胜社区腾龙路淘金地电子商务孵化基地展滔商业广场E座706","广东","51"
"南通锡鼎智能科技有限公司","上海锡鼎智能科技有限公司","江苏","201599 上海市金山区朱泾镇临源街750号5幢293F","江苏","20"
"黄华秋","江西信光新材料科技有限公司","广东","334000 江西省上饶市上饶经济技术开发区一经路2号","广东","33"
"田广礼","武汉兴火源科技有限责任公司","湖北","430070 湖北省武汉市东湖新技术开发区佳园路45号1栋7楼101号","湖北","43"
"郭其秀","绿华能源(福建)有限公司","福建","350000 福建省福州市台江区后洲街道玉环路10号中亭街改造利生苑1#楼4层09室","福建","35"
"廖原; 张春梅","北京博大光通国际半导体技术有限公司","北京","100176 北京市经济技术开发区景园北街2号52-1号楼701室","北京","10"
"浙江商业职业技术学院","杭州昀至科技有限公司","浙江","310000 浙江省杭州市萧山区宁围街道民和路483号302室杭州市信息安全产业园343","浙江","31"
"南相浩; 李维刚","晋商博创(北京)科技有限公司","北京","100070 北京市丰台区南三环西路91号院1号楼2单元2007室","北京","10"
"东莞市艾米科技有限公司","信阳市谷麦光电子科技有限公司","广东","464000 河南省信阳市羊山新区新申街道办事处富强路1号","广东","46"
"西安华域网络文化发展有限公司","何鹏飞","陕西","710000 陕西省西安市雁塔区瑞禾村1号","陕西","71"
"西安交通大学","陕西宇阳石油科技工程有限公司","陕西","陕西省西安市经开区长和国际F座7层","陕西","陕西"
"美普思技术有限公司; 想象技术有限公司","美普思技术有限责任公司; 哈罗软件有限公司","英国","美国加利福尼亚州; 英国赫特福德郡","英国","美国"
"辽宁佳业中天科技有限公司","辽宁英典科技有限公司","辽宁","125000 辽宁省葫芦岛市高新技术产业开发区创客空间701室","辽宁","12"
"盐城禅图智能科技有限公司","郑州信息科技职业学院","河南","450000 河南省郑州市郑东新区文苑北路龙子湖高校园区","河南","45"
"合肥九州龙腾科技成果转化有限公司; 重庆理工大学","常州便捷网络科技有限公司; 合肥九州龙腾科技成果转化有限公司","重庆","213000 江苏省常州市武进区常武中路18号常州科教城天润科技大厦B座605; 230000 安徽省合肥市蜀山经济开发区井岗路电商园一期2号楼203","重庆","21"
"龙岩逸狼网络科技有限公司","浪潮通信技术有限公司","福建","266000 山东省青岛市城阳区丹山工业园湘潭路2号","福建","26"
"南京医睿科技有限公司; 南京懿医云大数据科技有限公司","医渡云(北京)技术有限公司","北京","100191 北京市海淀区花园北路35号9号楼8层801","北京","10"
"联州(上海)信息科技有限公司","上海科络达云软件技术有限公司","上海","200235 上海市徐汇区南宁路970号2104单元","上海","20"
"北京罗宾逊科技有限公司","阿帕数字技术有限公司","北京","276000 山东省临沂市高新区应用科学城B座8楼","北京","27"
"浙江工业大学; 日照华圣机械制造有限公司; 深圳市承泽信息科技有限公司; 日照朝一科技创新发展有限公司","深圳市承泽信息科技有限公司; 日照朝一科技创新发展有限公司; 日照华圣机械制造有限公司; 日照新睿招商发展有限公司","浙江","518114 广东省深圳市龙岗区南湾街道南岭村社区南新街29号1983创意小镇A1栋3A12; 276800 山东省日照市经济技术开发区太原路71-8号; 276805 山东省日照市涛雒镇工业园; 276800 山东省日照市高新区高新七路电子信息产业园8号研发楼","浙江","51"
"北京金晟达生物电子科技有限公司","安徽金晟达生物电子科技有限公司","北京","安徽省马鞍山市经济技术开发区阳湖路398号富马智赢科技园1栋研发楼","北京","安徽"
"日立民用电子株式会社; 麦克赛尔株式会社; 株式会社日立制作所; 日立麦克赛尔株式会社","日立麦克赛尔株式会社; 麦克赛尔控股株式会社; 日立民用电子株式会社; 麦克赛尔株式会社","日本","日本大阪府; 日本京都府; 日本东京都","日本","日本"
"北京拓盛电子科技有限公司","北京迅普科技有限公司","北京","100120 北京市西城区六铺炕二区甲41楼","北京","10"
"中国水电工程顾问集团有限公司; 北京清易德科技有限公司","中电建新能源集团股份有限公司; 北京清玉德科技有限公司","北京","102600 北京市大兴区宏业东路1号院28号楼1层101","北京","10"
"济南凌佳科技有限公司; 蔡立","蔡立; 宁波锐智汇峰智能科技有限公司","山东","264000 山东省烟台市芝罘区前进路21号内7号; 315403 浙江省宁波市余姚市经济开发区城东新区冶山路","山东","26"
"上海掌门科技有限公司; 酷盛(天津)科技有限公司","酷盛(天津)科技有限公司; 上海掌门科技有限公司; 上海连尚网络科技有限公司","上海","300450 天津市海滨新区天津生态城动漫中路126号动漫大厦B1区二层201-243; 201203 上海市浦东新区张衡路666弄1号7楼; 201306 上海市浦东新区泥城镇新城路2号24幢N2025室","上海","30"
"苏州科美信息技术有限公司","苏州科美存储技术有限公司","江苏","215000 江苏省苏州市姑苏区白洋湾街道朱家湾街8号5幢401室","江苏","21"
"武汉珞信科技有限公司","武汉珞信科技有限公司; 武汉大学","湖北","430000 湖北省武汉市东湖新技术开发区光谷大道58号","湖北","43"
"绍兴中芯集成电路制造股份有限公司","芯联动力科技(绍兴)有限公司","浙江","312000 浙江省绍兴市越城区皋埠街道人民东路1433号1号楼203-18室","浙江","31"
"恒大法拉第未来智能汽车(广东)有限公司; 乐视控股(北京)有限公司; 乐卡汽车智能科技(北京)有限公司; 乐视汽车(北京)有限公司","法法汽车(中国)有限公司; 乐视汽车(北京)有限公司; 恒大法拉第未来智能汽车(广东)有限公司","北京","100015 北京市朝阳区酒仙桥北路7号74幢001; 100026 北京市朝阳区姚家园路105号3号楼8层909; 511458 广东省广州市南沙区海滨路171号9楼","北京","10"
"黄杰","中天科技(清远)有限公司","广东","511500 广东省清远市高新技术产业开发区创业一路6号A6栋7层701-03号","广东","51"
"南京邮电大学","江苏拓邮信息智能技术研究院有限公司","江苏","210000 江苏省南京市雨花台区宁双路19号云密城10号楼10楼先锋创业087","江苏","21"
"特斯联科技集团有限公司","深圳特斯联智能科技有限公司","广东","518066 广东省深圳市前海深港合作区南山街道兴海大道3048号前海自贸大厦2601","广东","51"
"李想","西安红胜火智能科技有限公司","广东","710000 陕西省西安市高新区高新六路52号立人科技园C座10401-198室","广东","71"
"广东威博新能源供暖供水设备有限公司","安徽威博新能源供暖供水设备有限公司","广东","243000 安徽省马鞍山市经济技术开发区银黄西路500号","广东","24"
"中测智联(深圳)科技有限公司","湖南天裕华运智能科技有限公司","广东","423000 湖南省郴州市临武县工业园区电子电器标准厂房7栋","广东","42"
"常州多维信息科技有限公司","厦门德威智联科技有限公司","江苏","361000 福建省厦门市厦门火炬高新区信息光电园金丰大厦307A室","江苏","36"
"今日天鸿(天津)医疗卫生科技有限公司","北京今日天鸿医疗器械制造有限公司","天津","102629 北京市大兴区中关村科技园区大兴生物医药产业基地天贵街3号院3号楼2层201室","天津","10"
"石家庄铁道大学","唐山华达轨道交通装备有限责任公司","河北","063000 河北省唐山市丰润区厂前路1号","河北","06"
"南京大学","山东中创软件工程股份有限公司","江苏","250014 山东省济南市千佛山东路41-1号","江苏","25"
"盐城诺维信息科技有限公司","建湖世拓数字科技有限公司","江苏","224700 江苏省盐城市建湖县高新区智慧产业园A区A3楼302","江苏","22"
"北京购阿购技术服务有限公司","北京数衍科技有限公司","北京","100102 北京市朝阳区利泽中园106号楼1层101B号房间","北京","10"
"姜瀚崴","济南佰福康物联网技术有限公司","山东","250101 山东省济南市高新区汇展香格里拉北塔2644号","山东","25"
"左丙丽","上海聚慕医疗器械有限公司","上海","201401 上海市奉贤区奉金路469号2幢2004室","上海","20"
"华南农业大学","广东富汇电子科技有限公司","广东","510000 广东省广州市白云区黄石街江夏东一路83-87号工业区之83号楼204房(自主申报)","广东","51"
"联合闭锁塑料有限公司; 奥布里斯特封闭瑞士有限公司; GCL国际有限公司","GCL国际有限公司; 联合闭锁塑料有限公司; 刮拉瓶盖股份公司","瑞士","卢森堡卢森堡; 英国苏格兰; 意大利亚历山德里亚省","瑞士","卢森"
"李观春","沅陵县品诺鼎电子科技有限公司","湖南","419600 湖南省怀化市沅陵县城沅陵大道工业集中区内","湖南","41"
"杭州昂润科技有限公司; 肖蕾; 杭州德豪环保材料有限公司","杭州德豪环保材料有限公司; 杭州昂润科技有限公司; 宁波华测电子科技有限公司","浙江","311106 浙江省杭州市余杭区塘栖镇塘康路268号; 310019 浙江省杭州市江干区九盛路9号24幢1楼1093室; 315000 浙江省宁波市宁波南部滨海新区南滨北路模具产业园8幢803二楼","浙江","31"
"万维云视(上海)数码科技有限公司","上海云视科技股份有限公司","上海","201899 上海市嘉定区嘉定镇博乐路70号10幢2008室","上海","20"
"江苏比目鱼数字科技有限公司; 佛山市幻云科技有限公司","深圳比目鱼平方科技有限公司; 江苏比目鱼家居用品有限公司","广东","518000 广东省深圳市南山区粤海街道海珠社区南海大道2710号保利城花园3#、4#楼会所; 226000 江苏省南通市港闸区江海佳苑19幢2002室(B2001、2002、2003、2004)","广东","51"
"成都信息工程大学","成都信息工程大学; 孙翔","四川","610225 四川省成都市西南航空港经济开发区学府路一段24号","四川","61"
"西安工程大学; 深圳万知达科技有限公司","深圳万知达科技有限公司; 深圳灵图创新科技有限公司","广东","518000 广东省深圳市龙华区大浪街道横朗社区华兴路13号智云产业园A栋1002; 518000 广东省深圳市前海深港合作区南山街道前海深港合作区前湾一路63号万科前海企业公馆1栋A单元2层KB11","广东","51"
"纬创资通股份有限公司; 依特博科技股份有限公司","纬创资通股份有限公司","台湾","中国台湾新北市","台湾","中国"
"迪克创新科技有限公司; 曜芯科技有限公司","汇顶科技私人有限公司; 迪克创新科技有限公司","新加坡","新加坡科技园路51号白羊座大厦#04-22; 新加坡莱福士坊哥烈码头16号#17-00","新加","新加"
"北京工业大学; 北京中联浩科技服务有限公司","北京中联浩科技服务有限公司; 北京汐辰电子科技有限公司","北京","100089 北京市海淀区花园路2号牡丹创业楼4层1424室; 102400 北京市房山区天星街1号院10号楼12层1203","北京","10"
"曹一典","新昌县雷涛机械有限公司","浙江","312500 浙江省绍兴市新昌县七星街道上礼泉永兴北路7弄10号","浙江","31"
"深圳大学; 深圳高科新农技术有限公司; 王魁广","深圳高科新农技术有限公司; 王魁广; 湖南植保无人机技术有限公司","广东","518000 广东省深圳市南山区科丰路2号特发信息港大厦A栋八楼北801-805单元; 410100 湖南省长沙市长沙县黄花镇岐山社区黄花综合保税区综合大楼606室; 410000 湖南省长沙市雨花区洞井街道中意一路798号冠铭商务中心4栋1008-09","广东","51"
"张博; 刘冬冬; 杨晓文; 金纽合(北京)科技有限公司","金卓玥(上海)健康管理有限公司; 金纽合(北京)科技有限公司; 张博; 刘冬冬; 杨晓文","北京","200000 上海市浦东新区中国(上海)自由贸易试验区临港新片区环湖西二路888号C楼; 100080 北京市海淀区海淀大街1号4层4001; 100081 北京市海淀区大柳树路2号南三楼231号","北京","20"
"武汉安嘉颐科技有限公司","硬石科技(武汉)有限公司","湖北","430075 湖北省武汉市东湖新技术开发区武大园路5-2号国家地球空间信息产业基地二期北主楼二单元2楼201-5号","湖北","43"
"宝德科技集团股份有限公司","深圳市宝德计算机系统有限公司","广东","518000 广东省深圳市福田区深南中路、华发北路以西电子科技大厦C座43A","广东","51"
"上海华力创通半导体有限公司","北京华力智飞科技有限公司","上海","100193 北京市海淀区东北旺西路8号院乙18号楼一层118室","上海","10"
"南京信息工程大学; 王珺鹏; 宁波杭州湾新区拓辰科技有限公司","宁波杭州湾新区拓辰科技有限公司; 北京星之蕴企业管理咨询中心(有限合伙); 王珺鹏","江苏","315000 浙江省宁波市杭州湾新区世纪城揽月苑12号楼20-8室; 100020 北京市朝阳区豆各庄黄厂西路1号C2栋三层1047; 100080 北京市海淀区东升园公寓宿舍4号楼3门502号","江苏","31"
"东莞市高鑫机电科技服务有限公司; 广东工业大学","浙江畅唐网络股份有限公司; 东莞市高鑫机电科技服务有限公司; 广东工业大学","广东","310051 浙江省杭州市滨江区西兴街道江陵路88号8幢703室; 523000 广东省东莞市南城区周溪隆溪路5号高盛科技园高盛科技大厦806室","广东","31"
"特金智能科技(上海)有限公司","上海特金信息科技有限公司","上海","201203 上海市浦东新区中国(上海)自由贸易试验区郭守敬路498号14幢22301-331座","上海","20"
"刘义明","兆亮科技股份有限公司","台湾","中国台湾台南市南区新乐路5之1号3楼, 邮编 :","台湾","中国"
"江苏师范大学; 深圳立专技术转移中心有限公司","深圳立专技术转移中心有限公司; 苏州莱库航空装备科技有限公司","江苏","518000 广东省深圳市龙华区大浪街道高峰社区华荣路39号科源商务大厦康瑞时代广场509; 215300 江苏省苏州市昆山市周市镇康庄路159号3号房","江苏","51"
"金乡县林业保护和发展服务中心(金乡县湿地保护中心、金乡县野生动植物保护中心、金乡县国有白洼林场)","金乡县林业保护和发展服务中心(金乡县湿地保护中心、金乡县野生动植物保护中心、金乡县国有白洼林场); 东平县接庄镇人民政府","山东","272200 山东省济宁市金乡县文峰中路35号","山东","27"
"连云港云桥信息技术有限公司; 常熟理工学院; 合肥科易果信息科技有限公司","道纪智慧(安徽)信息技术有限公司; 合肥科易果信息科技有限公司; 连云港云桥信息技术有限公司","江苏","233600 安徽省亳州市涡阳县经济开发区光机电标准化厂房内星园孵化器; 230000 安徽省合肥市包河区庐州大道与福州路交口银河幸福广场商业D幢1414室; 222000 江苏省连云港市中国(江苏)自由贸易试验区连云港片区连云区阳光自贸大厦201号13016室","江苏","23"
"史密斯探测有限责任公司","史密斯探测公司","美国","美国马里兰州","美国","美国"
"中国科学院自动化研究所","苏州中科全象智能科技有限公司","北京","215021 江苏省苏州市工业园区金鸡湖大道88号E1栋","北京","21"
"宁波研祥科技有限公司","研祥高科技控股集团有限公司","浙江","518000 广东省深圳市南山区粤海街道麻岭社区高新中四道31号研祥科技大厦20楼B1","浙江","51"
"章云娟","深圳市赛维电商股份有限公司","广东","518111 广东省深圳市龙岗区平湖街道华南大道一号华南国际皮革皮具原辅料物流区二期6C-005—6C-008号","广东","51"
"李芝宏; 卓柔萍","卓柔萍; 浙江音置声学科技有限公司","广东","515700 广东省潮州市饶平县汫洲镇山家后头井北五巷3号; 311200 浙江省杭州市萧山区闻堰街道天马路1688号3幢501室","广东","51"
"北京汇冠触摸技术有限公司; 北京汇冠新技术股份有限公司","广东汇冠新技术有限公司; 北京汇冠触摸技术有限公司","北京","523000 广东省东莞市凤岗镇碧湖大道51号2栋502室; 100085 北京市海淀区西北旺东路10号院东区21号楼6层101-602","北京","52"
"武汉阿帕科技有限公司","北京智联信技术有限公司","湖北","100000 北京市海淀区小南庄20号B座103室","湖北","10"
"百信信息技术有限公司","百信信创(北京)科技有限公司; 百信信息技术有限公司","山西","102600 北京市大兴区科苑路13号院1号楼3层312室","山西","10"
"深圳芯定式科技合伙企业(有限合伙)","深圳轻思科技有限公司","广东","518000 广东省深圳市福田区福田街道福山社区滨河大道5022号联合广场A座1010K","广东","51"
"秦艳","罗普特(厦门)科技集团有限公司","福建","361008 福建省厦门市软件园三期诚毅大街366号0006单元","福建","36"
"重庆工程职业技术学院","广西萃发科技有限公司","重庆","541000 广西壮族自治区桂林市七星区七里店路108号大学科技园1#-301房","重庆","54"
"上海生慧樘科技有限公司; 许强","天津远珩科技发展有限公司; 上海生慧樘科技有限公司","上海","300000 天津市武清区白古屯镇富和公路16号311室; 201602 上海市松江区佘山镇陶干路701号5幢","上海","30"
"亿百葩鲜数据科技(上海)有限公司; 洲迹(上海)电子商务有限公司","洲迹(上海)电子商务有限公司; 深兰科技(上海)有限公司","上海","200131 上海市浦东新区中国(上海)自由贸易试验区美盛路168号南楼7层S705-9A室; 201209 上海市浦东新区上川路1398号1幢101A室","上海","20"
"周新","青岛市市立医院","山东","266000 山东省青岛市市北区胶州路1号","山东","26"
"上海弘视通信技术有限公司","杭州云深弘视智能科技有限公司","上海","310000 浙江省杭州市江干区九环路9号3幢3楼308-1室","上海","31"
"拓二股份有限公司; 拓连股份有限公司","拓元股份有限公司; 拓二股份有限公司","台湾","中国台湾台北市松山区南京东路3段270号10楼","台湾","中国"
"平安普惠企业管理有限公司","深圳市与米数字科技有限公司","广东","518000 广东省深圳市福田区福田街道福安社区民田路178号华融大厦2903B","广东","51"
"台州市吉吉知识产权运营有限公司; 上海斐讯数据通信技术有限公司","北京京瀚禹电子工程技术有限公司; 台州市吉吉知识产权运营有限公司","上海","102200 北京市昌平区沙河镇松兰堡村西海特光电院内办公楼1层102室; 318015 浙江省台州市椒江区洪家街道东环大道2388号农港城A区2-3167号","上海","10"
"何岗","湖北广彩印刷有限公司","湖北","432700 湖北省随州市广水市广水办事处桐柏大道特7号","湖北","43"
"广东高航知识产权运营有限公司; 中兴通讯股份有限公司; 潘荣琼","潘荣琼; 广东高航知识产权运营有限公司; 徐州铁手五金工具制造有限公司","广东","532200 广西壮族自治区崇左市江州区石林大道15号; 510640 广东省广州市天河区五山路中公教育大厦371-1号2401单元; 510640 广东省广州市天河区五山路371号之一主楼2414-2416单元; 221351 江苏省徐州市邳州市碾庄镇工业园区","广东","53"
"堪得拉日本株式会社","加贺富仪艾股份有限公司","日本","日本神奈川县","日本","日本"
"信帧电子技术(北京)有限公司; 贺江涛; 刘忠轩佟惠勇","贺江涛; 刘忠轩佟惠勇","北京","100085 北京市海淀区信息路甲28号科实大厦A座6A","北京","10"
"英华达(西安)通信科技有限公司","英华达(南京)科技有限公司","陕西","211153 江苏省南京市江宁经济技术开发区将军大道133号","陕西","21"
"孟剑","北京腾蓝智能科技有限公司","北京","102488 北京市房山区拱辰街道月华大街1号A8-1442","北京","10"
"哈尔滨理工大学","北京众兴拓信息技术有限公司","黑龙江","100020 北京市朝阳区北沙滩甲1号1幢1-5内5层502","黑龙","10"
"山东电力工程咨询院有限公司; 山东容弗新信息科技有限公司; 济南容弗科技有限公司","山东电力工程咨询院有限公司; 山东容弗新信息科技有限公司","山东","250014 山东省济南市历下区闵子骞路106号","山东","25"
"深圳立安保险经纪有限公司","深圳市保罗科技服务有限公司","广东","518000 广东省深圳市福田区车公庙天吉大厦(F5.8厂房)6B1","广东","51"
"上海智向信息科技有限公司","昆山中亿丰光电科技有限公司","上海","215000 江苏省苏州市昆山开发区盛晞路2号3号房117室","上海","21"
"深圳市步科电气有限公司","上海步科自动化股份有限公司","广东","200120 上海市浦东新区中国(上海)自由贸易试验区申江路5709号、秋月路26号3幢北侧三楼","广东","20"
"江西汉辰信息技术股份有限公司; 深圳京发科技控股有限公司; 江西华章汉辰融资担保集团股份有限公司; 江西金融发展集团股份有限公司; 江西普惠金融科技研究院","深圳磁力线数字科技有限公司; 江西汉辰信息技术股份有限公司; 深圳京发科技控股有限公司; 江西华章汉辰融资担保集团股份有限公司; 江西金融发展集团股份有限公司; 江西普惠金融科技研究院","江西","518000 广东省深圳市福田区福田街道圩镇社区福田路24号海岸环庆大厦24层2407H房; 330000 江西省南昌市高新技术产业开发区高新大道589号南昌大学科技园一号大楼三楼A301、A302室","江西","51"
"石家庄市桥西区深度动画工作室","石家庄市深度动画科技有限公司","河北","河北省石家庄市东岗路108号大石门商务中心A座4层419室  邮政编码 : 050031","河北","河北"
"摩托罗拉公司","纽安斯通信有限公司","美国","美国特拉华州","美国","美国"
"华能国际电力股份有限公司浙江清洁能源分公司","华能(浙江)能源开发有限公司清洁能源分公司","浙江","310014 浙江省杭州市下城区中山北路565号华能大厦","浙江","31"
"储长红","郑州市浩辰机电工程有限公司","安徽","450001 河南省郑州市高新区翠竹街6号1号楼C座601号","安徽","45"
"上海因联企业咨询合伙企业(普通合伙)","初日(上海)企业咨询管理中心(有限合伙)","上海","201802 上海市嘉定区沪宜公路1185号1幢1层J2438室","上海","20"
"刘凌霞","宋强","河南","455000 河南省安阳市文峰区县前街2号院12号","河南","45"
"张益民; 深圳泓越企业管理咨询有限公司; 淮阴工学院","江西博邦新能源科技有限公司; 张益民; 深圳泓越企业管理咨询有限公司","江苏","334000 江西省上饶市高铁经济试验区天佑大道9号2号楼11楼05室; 334000 江西省上饶市广信区清水乡东汪村畈上42号; 518000 广东省深圳市龙华区大浪街道横朗社区华兴路13号智云产业园A栋1104","江苏","33"
"飞思卡尔以色列有限公司","飞思卡尔半导体公司","以色列",NA,"以色","Unknown"
"珠海方正科技多层电路板有限公司; 北大方正集团有限公司","珠海方正科技多层电路板有限公司; 新方正控股发展有限责任公司","广东","519002 广东省珠海市香洲区前山白石路107号","广东","51"
"重庆金融资产交易所有限责任公司","广州柯科医疗科技有限公司","重庆","510000 广东省广州市番禺区大石街石北工业路644号14栋413之31房","重庆","51"
"苏州宏正电子科技有限公司","江苏苏启智能科技有限公司","江苏","224000 江苏省盐城市盐都区高旺沟路与204国道交叉处东北第三栋B9号楼一层101室","江苏","22"
"鼎信项目管理咨询有限公司; 深圳龙图腾科技成果转化有限公司; 龙图腾网科技(合肥)股份有限公司; 青岛科技大学","重庆将心注入知识产权运营有限公司; 鼎信项目管理咨询有限公司; 深圳龙图腾科技成果转化有限公司; 龙图腾网科技(合肥)股份有限公司","山东","402260 重庆市江津区双福新区九江大道科技创新中心5楼; 400000 重庆市渝中区大坪正街51号; 518000 广东省深圳市罗湖区笋岗街道笋岗东路3002号万通大厦22层2202室; 230000 安徽省合肥市蜀山经济开发区井岗路电商园一期2号楼1楼","山东","40"
"摩托罗拉移动有限责任公司; 摩托罗拉公司","谷歌技术控股有限责任公司; 摩托罗拉移动公司","美国","美国加利福尼亚州; 美国伊利诺斯","美国","美国"
"林元霞","广西北部湾弘信供应链管理有限公司","广西","530000 广西壮族自治区南宁市丰达路28号","广西","53"
"新华三技术有限公司; 北京紫光通信科技集团有限公司","北京紫光通信科技集团有限公司; 紫光通信科技(岳阳)有限公司","浙江","100088 北京市海淀区知春路7号致真大厦B座24层; 414000 湖南省岳阳市湖南城陵矶新港区永济大道临港高新产业园2号楼B栋867室","浙江","10"
"郑州起点知识产权运营有限公司; 深圳中神电子科技有限公司","郑州数链科技有限公司; 郑州起点知识产权运营有限公司","河南","450046 河南省郑州市郑东新区中道东路6号智慧岛大厦A区8层A-809-1; 450000 河南省郑州市金水区国基路60号A座605房间","河南","45"
"安徽安歌机器人有限公司","安歌智慧科技(上海)有限公司","上海","201100 上海市闵行区顾戴路2337号9幢8层D单元","上海","20"
"西安科技大学; 九尔(西安)知识产权服务有限公司; 贾志娟","九尔(西安)知识产权服务有限公司; 贾志娟; 陕西蜗牛登顶电子科技有限公司","陕西","710000 陕西省西安市未央区太华北路415号华远锦悦中心写字楼2513室; 223100 江苏省淮安市洪泽区东七街3号A12-2幢503室; 710000 陕西省西安市西咸新区沣东新城世纪大道西咸人才大厦七层G1-708","陕西","71"
"华为技术有限公司; 全球通信专利许可有限公司","全球通信专利许可有限公司; 阿莫泰克有限公司","广东","美国维吉尼亚州; 韩国仁川","广东","美国"
"光宝电子(广州)有限公司; 光宝科技股份有限公司","光宝光电(常州)有限公司; 光宝电子(广州)有限公司光宝科技股份有限公司","广东","213166 江苏省常州市武进高新技术产业开发区阳湖路88号","广东","21"
"王旭","福州元融科技有限公司","湖北","350015 福建省福州市马尾区快安路8号创新楼103S室(自贸试验区内)","湖北","35"
"广东电网有限责任公司佛山供电局; 南方电网数字企业科技(广东)有限公司","南方电网数字企业科技(广东)有限公司","广东","510700 广东省广州市黄埔区光谱中路11号云升科学园","广东","51"
"陕西昌大科技有限公司","上海大唐移动通信设备有限公司; 陕西昌大科技有限公司","陕西","200233 上海市徐汇区钦江路333号41幢5、6楼","陕西","20"
"武汉斗鱼网络科技有限公司","合肥北城科创集团有限责任公司","湖北","230000 安徽省合肥市长丰县双墩镇阜阳北路与济河路交口北城综合服务中心","湖北","23"
"厦门元屿安科技有限公司","厦门市安杰云网络有限公司","福建","361000 福建省厦门市厦门火炬高新区软件园三期诚毅北大街62号209单元0364号","福建","36"
"西安云展信息科技有限公司; 西京学院; 王震","王震; 西安云展信息科技有限公司; 西安聪正新能源科技有限公司","陕西","710061 陕西省西安市碑林区长安路北段5号付2号; 710065 陕西省西安市高新区唐延路1号旺座国际1幢2单元22401室; 710116 陕西省西安市长安区西咸新区沣东新城征和四路2168号7号楼2层南侧203室","陕西","71"
"恒大智慧科技有限公司","星络家居云物联科技有限公司","广东","518000 广东省深圳市南山区粤海街道南油社区建南路15号恒大天璟B2801","广东","51"
"孙伟力","北京盛世光明软件股份有限公司","北京","100085 北京市海淀区上地三街9号C座1210","北京","10"
"南京翔维物流设备制造有限公司","上海申雪供应链管理有限公司","上海","201799 上海市青浦区重固镇赵重公路2778弄26号201室","上海","20"
"邹锋; 杨艳梅","深圳市连强控股有限责任公司; 邹锋","安徽","518000 广东省深圳市光明区马田街道合水口社区芳园路550号伯尼大厦1102; 235100 安徽省淮北市濉溪县南坪镇赵桥村邹圩庄40-1号","安徽","51"
"安华高科技通用IP(新加坡)公司; LSI公司","安华高科技股份有限公司; 安华高科技通用IP(新加坡)公司","美国","新加坡新加坡市","美国","新加"
"中国电力科学研究院; 国家电网公司","中国电力科学研究院; 国家电网公司; 国网天津市电力公司","北京","100192 北京市海淀区清河小营东路15号","北京","10"
"邯郸学院","四川瀚库智数科技有限公司","河北","610000 四川省成都市高新区蜀锦路88号1栋1单元16层03号","河北","61"
"刘思宏; 崔海青; 中国民航大学; 中航科星(天津)科技发展有限公司","中航科星(天津)科技发展有限公司; 刘思宏; 崔海青; 北京飞安航空科技有限公司","天津","300300 天津市东丽区广轩道航空商务中心C区中国民航大学科技园C2号楼315(含316)室; 300300 天津市东丽区津北公路2898号; 100144 北京市石景山区八大处路49号院1号楼5层503室","天津","30"
"武汉科技大学; 湖州信倍连网络科技有限公司","湖州信倍连网络科技有限公司; 北京巨量科创科技有限公司","湖北","313000 浙江省湖州市吴兴区高新区七幸路656号1幢1-C; 101400 北京市怀柔区杨宋镇凤翔东大街2号2幢北起6-10号","湖北","31"
"浙江机电职业技术学院","温州格宇工艺礼品有限公司","浙江","325800 浙江省温州市龙港市纺织三街108号","浙江","32"
"北京知投家知识产权运营有限公司; 宁波大学; 李金凤; 北京勇搏科技有限公司","李金凤; 北京勇搏科技有限公司; 宁波大学; 北京知投家知识产权运营有限公司","浙江","274300 山东省菏泽市单县浮岗镇毛庄行政村后石楼村41号; 102600 北京市大兴区兴华大街2段3号院波普中心2号楼2212室; 315211 浙江省宁波市江北区风华路818号; 102600 北京市大兴区乐园路4号院2号楼3层1单元317","浙江","27"
"杭州电子科技大学; 浙江知多多网络科技有限公司","浙江知多多网络科技有限公司; 福建迈格林医疗科技有限公司","浙江","310016 浙江省杭州市江干区高德置地中心1号楼3003室-1; 362100 福建省泉州市台商投资区张坂镇玉埕村德润产业园4号楼","浙江","31"
"北京中电普华信息技术有限公司; 北京华电天益信息科技有限公司","国网思极网安科技(北京)有限公司; 北京华电天益信息科技有限公司","北京","102200 北京市昌平区未来科技城国家电网园区C座5层539室","北京","10"
"武汉科技大学; 湖州信倍连网络科技有限公司","湖州信倍连网络科技有限公司; 从零到一(北京)科技发展有限公司","湖北","313000 浙江省湖州市吴兴区高新区七幸路656号1幢1-C; 102600 北京市大兴区宏业东路1号院24号楼1层101-371","湖北","31"
"台达电子工业股份有限公司","达创科技股份有限公司","台湾","中国台湾台北市","台湾","中国"
"天津大学; 天津科润生产力促进有限责任公司","天津科润生产力促进有限责任公司; 江苏超数信息科技有限公司","天津","300000 天津市红桥区西于庄街道宝能创业中心B座06-01-45; 226000 江苏省南通市崇川区跃龙南路182号1幢数字大厦6楼","天津","30"
"比特飞翔株式会社","比特飞翔区块链株式会社","日本","日本东京都港区赤坂九丁目7番1号","日本","日本"
"韩家佳; 北京网律科技有限公司","北京网律科技有限公司; 江苏网律智慧科技有限公司","北京","101399 北京市顺义区南法信镇焦各庄街9号院3号楼-2至10层101内4层411; 210006 江苏省南京市秦淮区正学路1号F3栋1237号","北京","10"
"平安普惠企业管理有限公司","深圳博浩远科技有限公司","广东","518000 广东省深圳市宝安区西乡街道固兴社区航城大道宝岗实业有限公司工业区厂房一栋1层","广东","51"
"南京飞米农业科技有限公司; 努比亚技术有限公司; 边缘智能研究院南京有限公司","边缘智能研究院南京有限公司; 南京飞米农业科技有限公司; 美亚卓越(海南)软件有限公司","江苏","210013 江苏省南京市鼓楼区古平岗4号C座; 210013 江苏省南京市鼓楼区古平岗4号; 570100 海南省海口市龙华区海秀中路71号海垦广场B座1207室","江苏","21"
"安庆市亿方网络工程有限公司","哈尔滨汇滨电子有限公司","安徽","150036 黑龙江省哈尔滨市香坊区哈平路98-1号杰顺花园2栋1层2号","安徽","15"
"网易无尾熊(杭州)科技有限公司","阿里巴巴(中国)有限公司","浙江","310012 浙江省杭州市西湖区西斗门路3号天堂软件园A幢10楼G座","浙江","31"
"广东工业大学","福建星网智慧科技有限公司","广东","361000 福建省厦门市思明区软件园二期观日路56号1001单元","广东","36"
"合肥九州龙腾科技成果转化有限公司; 龙图腾网科技(合肥)股份有限公司; 燕山大学","国网山东省电力公司东营市河口区供电公司; 合肥九州龙腾科技成果转化有限公司; 龙图腾网科技(合肥)股份有限公司","河北","257000 山东省东营市河口区海宁路3号; 230000 安徽省合肥市蜀山经济开发区井岗路电商园一期2号楼203; 230000 安徽省合肥市蜀山经济开发区井岗路电商园一期2号楼1楼","河北","25"
"无敌科技(西安)有限公司; 海门黄海创业园服务有限公司","海门黄海创业园服务有限公司; 江苏星地通通信科技有限公司","陕西","226156 江苏省南通市海门市滨海新区港西大道999号; 211300 江苏省南京市高淳区漆桥镇河滨路1号","陕西","22"
"数字解码及追踪协会; 菲利普莫里斯生产公司","英艾克斯图股份有限公司; 数字解码及追踪协会","瑞士","瑞士洛桑; 瑞士苏黎世","瑞士","瑞士"
"深圳高新邦科技有限公司","深圳高新邦技术有限公司","广东","518000 广东省深圳市龙华区龙华街道清华社区建设东路青年创业园A栋2层208","广东","51"
"努比亚技术有限公司","厦门万匹思网络科技有限公司","福建","361000 福建省厦门市湖里区日圆三里11号1001室之一","福建","36"
"陈志明","天嘉盛诚(西安)网络科技有限公司","广东","710086 陕西省西安市沣东新城三桥街道秦龙泉山庄9号楼1单元202","广东","71"
"哈尔滨理工大学; 哈尔滨工业大学","北京思柯瑞科技有限公司","黑龙江","100000 北京市海淀区北三环西路48号1号楼A座22层22D号02号","黑龙","10"
"四川企易标信息科技有限公司","上饶市益联光学仪器有限公司","四川","334000 江西省上饶市信州区朝阳产业园二路西侧5号","四川","33"
"博大龙; 上海艾卫迪文化传播有限公司","博大龙; 北京盛思播龙文化传媒有限公司","上海","200050 上海市长宁区愚园路1249弄2号","上海","20"
"物联智慧股份有限公司","物联智慧科技(深圳)有限公司; 物联智慧股份有限公司","台湾","广东省深圳市龙华区龙华街道龙园社区丰益路10号201","台湾","广东"
"何权坤","四川利特尔科技有限公司","山东","621011 四川省绵阳市经开区松垭镇松南路22号","山东","62"
"三星电子株式会社; 日本电气株式会社","日本电气株式会社","韩国","日本东京都","韩国","日本"
"戴瑾","北京超弦存储器研究院","北京","100176 北京市大兴区北京经济技术开发区景园北街52幢5层501-12","北京","10"
"宁波三星电气股份有限公司; 宁波三星智能电气有限公司","宁波三星智能电气有限公司; 宁波三星医疗电气股份有限公司","浙江","315034 浙江省宁波市江北区慈城镇枫湾路16号; 315191 浙江省宁波市鄞州工业园区(宁波市鄞州区姜山镇)","浙江","31"
"西安赛斐软件科技有限公司","广州翼风通信技术有限公司","陕西","510623 广东省广州市天河区华夏路26号9层","陕西","51"
"伊顿智能动力有限公司; 丹佛斯动力系统II技术有限公司","丹佛斯动力系统II技术有限公司; 丹佛斯有限公司","爱尔兰","丹麦诺德堡","爱尔","丹麦"
"深圳市骏利宏精密技术有限公司","深圳市下洋电器有限公司","广东","518103 广东省深圳市宝安区福永街道塘尾社区建安路金星工业园厂房一第五层南A","广东","51"
"郭克华","中南大学","湖南","410083 湖南省长沙市岳麓区麓山南路932号","湖南","41"
"国网上海市电力公司; 武汉新电电气股份有限公司","国网上海市电力公司; 武汉新电电气股份有限公司; 国网湖北省电力有限公司","上海","200122 上海市浦东新区中国(上海)自由贸易试验区源深路1122号","上海","20"
"上海全土豆文化传播有限公司","阿里巴巴(中国)有限公司","浙江","310052 浙江省杭州市滨江区长河街道网商路699号4号楼5楼508室","浙江","31"
"平凉陇山工贸有限责任公司; 闫宇涛; 陕西皓鲸信息科技有限责任公司","甘肃山多建设发展有限责任公司; 平凉陇山工贸有限责任公司; 闫宇涛","陕西","744000 甘肃省平凉市崆峒区柳湖乡八里村石祖子社10号; 744000 甘肃省平凉市崆峒区公路街38号理想城A座19层; 744000 甘肃省平凉市崆峒区法院巷3号工行4号楼3单元602室","陕西","74"
"浙江科聪智能科技有限公司","杭州科聪自动化有限公司","浙江","310051 浙江省杭州市滨江区江晖路487号3号楼202室","浙江","31"
"广东华博企业管理咨询有限公司; 中兴通讯股份有限公司","广东华博企业管理咨询有限公司; 国网新疆电力公司电力科学研究院","广东","510640 广东省广州市天河区金颖路1号1106自编之二房; 830011 新疆维吾尔自治区乌鲁木齐高新技术产业开发区(新市区)长春中路东二巷66号","广东","51"
"英业达股份有限公司","李志魁","台湾","河北省秦皇岛市昌黎县朱各庄镇坎上村1108号","台湾","河北"
"田茂祥","国网山东省电力公司泰安供电公司; 国家电网公司","山东","271000 山东省泰安市泰山区东岳大街8号","山东","27"
"南京信息工程大学","南京昊视未来智慧科技有限公司","江苏","210031 江苏省南京市江北新区星火路17号创智大厦02幢801-8022室","江苏","21"
"浙江师范大学; 合肥九州龙腾科技成果转化有限公司","合肥九州龙腾科技成果转化有限公司; 重庆珈域电子科技有限公司","浙江","230000 安徽省合肥市蜀山经济开发区井岗路电商园一期2号楼203; 402160 重庆市永川区凤凰大道108号附1号","浙江","23"
"夏普株式会社","伊乐视有限公司","日本","美国华盛顿州(邮编98683)温哥华市东南第34号大街18110号480号间","日本","美国"
"张志秋; 中国人民解放军空军航空大学军事仿真技术研究所","吉林省天翼仿真技术有限公司; 张志秋","吉林","130011 吉林省长春市汽车经济技术开发区夏利路777号; 100020 北京市朝阳区十里堡北区炫特嘉园9号楼1606号","吉林","13"
"哈尔滨工业大学","赵荣强","黑龙江","236500 安徽省界首市西城办事处中原路428号2单元9户","黑龙","23"
"山东中车同力钢构有限公司","山东中车同力钢构有限公司; 中车山东风电有限公司","山东","250022 山东省济南市槐荫区槐村街73号","山东","25"
"赵运磊; 上海扈民区块链科技有限公司","复旦大学; 赵运磊","上海","200433 上海市杨浦区邯郸路220号; 200438 上海市杨浦区淞沪路2005号复旦大学(江湾校区)计算机学院717室","上海","20"
"苏州易乐展示系统工程有限公司","苏州晨尔诺光电科技有限公司","江苏","215000 江苏省苏州市昆山市张浦镇尚明甸村村民委员会","江苏","21"
"展讯通信(上海)有限公司; 芯鑫融资租赁(厦门)有限责任公司; 重庆重邮信科通信技术有限公司; 锐迪科(重庆)微电子科技有限公司","芯鑫融资租赁(厦门)有限责任公司; 展讯通信(上海)有限公司; 锐迪科(重庆)微电子科技有限公司","重庆","361006 福建省厦门市自由贸易试验区厦门片区象屿路97号厦门国际航运中心D栋8层05单元X; 201203 上海市浦东新区张江高科技园区祖冲之路2288弄展讯中心1号楼; 400060 重庆市南岸区南坪街道南城大道199号左附楼403","重庆","36"
"北京邮电大学","北京邮电大学; 首都医科大学宣武医院","北京","100876 北京市海淀区西土城路10号","北京","10"
"北京百度网讯科技有限公司","阿波罗智能技术(北京)有限公司","北京","100085 北京市海淀区上地十街10号1幢1层105","北京","10"
"张仁平","北京中科恒伦科技有限公司","重庆","102206 北京市昌平区沙河镇北街家园五区2号楼3层4单元313室","重庆","10"
"山东继和科技发展有限公司; 鄄城鑫磊交通工程材料有限公司","菏泽华信塑业股份有限公司; 山东继和科技发展有限公司","山东","274000 山东省菏泽市鄄城县李进士堂镇开发区(陈庄南); 274000 山东省菏泽市鄄城县户外用品产业园","山东","27"
"苏州捷泰科信息技术有限公司","王永捷; 王桂荣; 马淑英; 杨陈智; 王致同","江苏","300384 天津市华苑产业区华天道6号海泰信息广场H座710","江苏","30"
"华南师范大学","成都新智创新科技有限公司","广东","610200 四川省成都市中国(四川)自由贸易试验区成都市双流区西航港街道成新大件路289号1016室邮箱自编号020869","广东","61"
"数据中心技术股份有限公司","赛门铁克公司","美国","美国加利福尼亚","美国","美国"
"无锡旭联科技发展有限公司","无锡艇客信息科技有限公司","江苏","214000 江苏省无锡市滨湖区锦溪路100号","江苏","21"
"洛阳萃泽信息科技有限公司","洛阳萃泽信息科技有限公司; 河南城翰工业大数据有限公司","河南","471000 河南省洛阳市涧西区天津路街道13街坊40栋3门201室","河南","47"
"北京数迅科技有限公司","北京数捷科技有限公司","北京","100088 北京市西城区新街口外大街28号A座407号","北京","10"
"深圳市燃气集团股份有限公司; 深圳市深创流体系统科技有限公司","深圳市燃气集团股份有限公司; 高新伟","广东","518000 广东省深圳市福田区梅坳一路268号","广东","51"
"杭州数据点金科技有限公司","杭州盈格信息技术有限公司","浙江","310000 浙江省杭州市经济技术开发区白杨街道科技园57号16幢604-605室","浙江","31"
"凯兹株式会社; 日本电气株式会社","凯兹株式会社; 恩益禧电子股份有限公司","日本",NA,"日本","Unknown"
"莆田市烛火信息技术有限公司; 西安纸贵互联网科技有限公司","西安纸贵互联网科技有限公司; 灵境数字(北京)科技有限公司","福建","710065 陕西省西安市高新区丈八街办高新二路12号1A201、1G201号房屋; 101318 北京市顺义区临空经济核心区融慧园6号楼4-185","福建","71"
"活点信息技术有限公司","刘润滋","山东","276800 山东省日照市东港区富阳路北段96号","山东","27"
"宽边利口酒株式会社","宽边沃林克株式会社","日本","日本东京","日本","日本"
"方正璞华软件(武汉)股份有限公司; 方正株式(武汉)科技开发有限公司","方正璞华软件(武汉)股份有限公司; 璞华科技有限公司","湖北","430000 湖北省武汉市东湖新技术开发区高新大道999号","湖北","43"
"江苏裕兰信息科技有限公司; 北京智视信息科技有限公司","珠海大轩信息科技有限公司; 江苏裕兰信息科技有限公司","北京","519000 广东省珠海市香洲区兴业路88号优特总部大厦1606室; 225000 江苏省扬州市仪征市汽车工业园管委会108室","北京","51"
"东北大学","东北大学; 东北大学佛山研究生创新学院","辽宁","110819 辽宁省沈阳市和平区文化路三号巷11号","辽宁","11"
"常州华佳医疗器械有限公司","常州华联医疗器械集团股份有限公司","江苏","213000 江苏省常州市钟楼区邹区镇岳津路55号","江苏","21"
"苏州聚悦信息科技有限公司","苏州凯新斯智能科技有限公司","江苏","215000 江苏省苏州市高新区浒杨路88号","江苏","21"
"泰州市出彩网络科技有限公司","山东众志电子有限公司","山东","271000 山东省泰安市高新区南天门大街1110号泰山科技城A1","山东","27"
"广州知弘科技有限公司","深圳市中交出行科技有限公司","广东","518000 广东省深圳市南山区粤海街道高新区社区科技南十二路011号方大大厦12A01","广东","51"
"迪维克斯有限责任公司","索尼克IP股份有限公司","美国","美国加利福尼亚","美国","美国"
"浙江双成电气有限公司","国网浙江省电力有限公司绍兴供电公司; 浙江双成电气有限公司","浙江","312000 浙江省绍兴市越城区绍兴市胜利东路58号","浙江","31"
"哈尔滨登勤科技有限公司","西安知阅鑫电子科技有限公司","黑龙江","710000 陕西省西安市经济技术开发区凤城四路103号世融嘉轩2号楼1107","黑龙","71"
"富港电子(东莞)有限公司; 正崴精密工业股份有限公司","富港电子(昆山)有限公司; 正崴精密工业股份有限公司","江苏","215324 江苏省昆山市锦溪镇正崴路2号","江苏","21"
"西安奇维科技有限公司; 北京理工雷科电子信息技术有限公司; 西安思导瑞智信息科技有限公司","西安思导瑞智信息科技有限公司; 西安奇维科技有限公司; 北京理工雷科电子信息技术有限公司; 雷智数系统技术(西安)有限公司","陕西","710117 陕西省西安市高新区西太路526号信息产业园二期4号楼A1-134号; 710065 陕西省西安市高新区锦业路69号创业研发园C区8号; 710117 陕西省西安市高新区兴隆街办西太路526号信息产业园二期4号楼A2-02","陕西","71"
"韩旭","赫扬科技股份有限公司","台湾",NA,"台湾","Unknown"
"深圳市陨石通信设备有限公司","杭州联络互动信息科技股份有限公司","广东","310000 浙江省杭州市滨江区南环路3766号","广东","31"
"张原荣","宝德科技股份有限公司","台湾","中国台湾台北县, 邮编 :","台湾","中国"
"郑馨雨","沈歌华; 刘文君","广东","115100 辽宁省营口市大石桥市向阳里33号8-5-7","广东","11"
"斯迈达IP有限公司; 大卫·芬恩; 曼弗雷德·里兹勒","斯马特拉克投资有限公司; 斯迈达IP有限公司","德国","荷兰阿姆斯特丹","德国","荷兰"
"武汉轻工大学; 武汉尧正科技有限公司","武汉尧正科技有限公司; 陕西粮农优选食品有限公司","湖北","430000 湖北省武汉市硚口区集贤里94号5号楼1单元5层4号; 719000 陕西省榆林市米脂县国家农业产业融合发展示范园","湖北","43"
"湖北中烟工业有限责任公司; 武汉虹之彩包装印刷有限公司; 武汉问道信息技术有限公司","湖北中烟工业有限责任公司","湖北","430000 湖北省武汉市东西湖金山大道1355号","湖北","43"
"首都医科大学附属北京天坛医院; 山东产业技术研究院智能计算研究院","首都医科大学附属北京天坛医院; 济南中科泛在智能计算研究院","北京","100070 北京市丰台区南四环西路119号","北京","10"
"日本电气株式会社","苹果公司","日本","美国加利福尼亚州","日本","美国"
"北京中财慧智教育科技有限公司; 深圳富泰宏精密工业有限公司; 富士康科技股份有限公司","江苏博悦物联网技术有限公司; 深圳富泰宏精密工业有限公司; 北京中财慧智教育科技有限公司","广东","226300 江苏省南通市通州区南通高新区东大科技园1幢; 518109 广东省深圳市宝安区龙华镇富士康科技工业园F3区A栋; 100083 北京海淀区中关村东路18号财智国际大厦B706","广东","22"
"厦门市易联众易惠科技有限公司; 易联众信息技术股份有限公司","厦门市易联众易惠科技有限公司","福建","361008 福建省厦门市软件园二期观日路18号504之一","福建","36"
"王美金","场亿租网络科技(上海)有限公司","上海","200000 上海市宝山区金石路1688号D-1491","上海","20"
"上海移远通信技术股份有限公司","常州移远通信技术有限公司","上海","213164 江苏省常州市武进国家高新技术产业开发区武宜南路377号创新产业园8号厂房一楼","上海","21"
"扬智欧洲有限公司","扬智电子科技(中国)有限公司","瑞士","广东省深圳市南山区科技园北区朗山路13号紫光信息港A座206","瑞士","广东"
"三星SDI株式会社; 三星移动显示器株式会社","三星显示有限公司; 三星移动显示器株式会社","韩国","韩国京畿道龙仁市; 韩国京畿道水原市","韩国","韩国"
"凹凸电子(武汉)有限公司","迈实电子(上海)有限公司","上海","201203 上海市张江高科技园区春晓路289号1402室","上海","20"
"华为技术有限公司","深圳传音控股股份有限公司","广东","518057 广东省深圳市南山区粤海街道深南大道9789号德赛科技大厦标识层17层(自然层15层)1702-1703号","广东","51"
"芜湖久恒包装科技有限公司","安徽省久恒慧通物流有限公司","安徽","241100 安徽省芜湖市芜湖县花桥新芜绿色包装产业园","安徽","24"
"何岗; 东莞灵顿知识产权技术运营有限公司","东莞灵顿知识产权技术运营有限公司; 易宝严选科技(深圳)有限公司","广东","523000 广东省东莞市松山湖园区科技十路5号3栋1单元402室; 518000 广东省深圳市罗湖区翠竹街道翠锦社区翠竹路2099号水贝工业区1栋2层","广东","52"
"中国石油天然气集团公司; 中国石油天然气管道局; 廊坊开发区中油龙慧自动化工程有限公司","中国石油天然气集团公司; 中国石油管道局工程有限公司; 廊坊开发区中油龙慧自动化工程有限公司","北京","100007 北京市东城区东直门北大街9号中国石油大厦","北京","10"
"田治宇","昆明理工大学","云南","650000 云南省昆明市一二一大街文昌路68号","云南","65"
"华润守正招标有限公司","华润守正招标有限公司; 深圳极视角科技有限公司","广东","518000 广东省深圳市前海深港合作区前湾一路1号A栋201室(入驻深圳市前海商务秘书有限公司)","广东","51"
"国电南瑞科技股份有限公司; 国网电力科学研究院有限公司; 国网江苏省电力有限公司","国电南瑞科技股份有限公司; 国网电力科学研究院有限公司; 国网江苏省电力有限公司; 国网江苏省电力有限公司电力科学研究院","江苏","210006 江苏省南京市江宁经济技术开发区诚信大道19号2幢","江苏","21"
"法斯埃托有限公司","法斯埃托股份有限公司","美国","美国威斯康星州","美国","美国"
"四川量迅科技有限公司","长兴金石智能科技有限公司","四川","313100 浙江省湖州市长兴县李家巷镇章浜村","四川","31"
"王好贤; 哈尔滨工业大学(威海)","哈尔滨工业大学(威海); 青岛博瑞福田智能门窗科技有限公司","山东","264209 山东省威海市哈尔滨工业大学(威海)研究院1号楼南716; 266000 山东省青岛市高新区华东路以东","山东","26"
"北电网络有限公司; 岩星比德科有限公司; 2256355安大略有限公司","岩星比德科有限公司; 2256355安大略有限公司; 捷讯研究有限公司","加拿大","美国纽约; 加拿大安大略; 加拿大安大略省沃特卢市","加拿","美国"
"李思蓉","李思蓉; 张舒涵","吉林","130000 吉林省长春市朝阳区自由大路16号","吉林","13"
"湖南图龙信息技术有限公司","湖南宝信云建筑综合服务平台股份有限公司","湖南","410000 湖南省长沙市长沙高新开发区麓云路100号兴工科技园4栋501","湖南","41"
"乐图集团有限公司","北京乐图在线科技有限公司","北京","北京市海淀区知春路6号锦秋国际大厦B座902A  邮政编码 : 100088","北京","北京"
"天瑞企业股份有限公司","群赞科技(深圳)有限公司","台湾","518103 广东省深圳市宝安区福永街道福海大道福海工业园C区C3幢第一层B、C区、第三层A、B区","台湾","51"
"西门子工业公司","西门子公司","美国","德国慕尼黑","美国","德国"
"东南大学; 江苏省电力试验研究院有限公司","东南大学; 国家电网公司; 江苏省电力公司; 江苏省电力公司电力科学研究院; 江苏省电力试验研究院有限公司","江苏","210029 江苏省南京市凤凰西街243号; 210036 江苏省南京市凤凰西街243号","江苏","21"
"四川长虹电子部品有限公司","四川虹锐电工有限责任公司","四川","621000 四川省绵阳市高新区飞云大道东段261号综合保税区201厂房","四川","62"
"合肥龙智机电科技有限公司; 龙图腾网科技(合肥)股份有限公司; 重庆理工大学","上海炎颂信息科技有限公司; 合肥龙智机电科技有限公司; 龙图腾网科技(合肥)股份有限公司","重庆","200120 上海市浦东新区建韵路399号8幢5层504室; 230000 安徽省合肥市蜀山区甘泉路81号沃野花园商办楼B-2704; 230000 安徽省合肥市蜀山经济开发区井岗路电商园一期2号楼1楼","重庆","20"
"广州知弘科技有限公司; 江苏前来信息科技有限公司","江苏前来信息科技有限公司; 京来信息技术(苏州)有限公司","广东","215000 江苏省苏州市中国(江苏)自由贸易试验区苏州片区苏州工业园区八达街111号中衡设计大楼塔楼17层1712室; 215000 江苏省苏州市常熟高新技术产业开发区贤士路88号1幢314","广东","21"
"广州振声信息技术有限公司; 广州聚百洲信息科技有限公司","广州聚高信息科技有限公司; 广州振声信息技术有限公司","广东","510030 广东省广州市越秀区水荫路117号星光映景16层; 510599 广东省广州市天河区广州大道北1112号三楼","广东","51"
"北京创毅视讯科技有限公司","北京博信视通科技有限公司; 北京创毅视讯科技有限公司","北京","100080 北京市海淀区中关村大街11号亿世界财富中心A座12层","北京","10"
"广西飞翔者科技有限公司","柳州市永和彩印包装有限公司","广西","545100 广西壮族自治区柳州市柳江县新兴工业园兴福路1号","广西","54"
"深圳华视微电子有限公司","深圳华视电子读写设备有限公司","广东","518000 广东省深圳市福田区福田街道中康路卓越梅林中心广场(北区)4栋1205","广东","51"
"龙图腾网科技(合肥)股份有限公司; 江苏大学","内蒙古嘉利节水灌溉有限责任公司; 龙图腾网科技(合肥)股份有限公司","江苏","011200 内蒙古自治区锡林郭勒盟苏尼特右旗赛汉塔拉工业园区; 230000 安徽省合肥市蜀山经济开发区井岗路电商园一期2号楼1楼","江苏","01"
"江苏瑞中数据股份有限公司; 南京朗坤软件有限公司","江苏瑞中数据股份有限公司; 国家电网公司","江苏","210013 江苏省南京市鼓楼区新模范马路5号创新科技大楼A座19F","江苏","21"
"司永红","青岛卓越自动化技术有限公司","山东","266071 山东省青岛市山东路29号银河大厦F层02青岛卓越自动化技术有限公司","山东","26"
"南京维能信息技术有限公司; 南京牧信科技有限公司","南京牧信科技有限公司; 南京致诚天运信息科技有限公司; 南京维能信息技术有限公司","江苏","210000 江苏省南京市江宁区天元东路288号南京义乌小商品城A区; 211100 江苏省南京市江宁区高新园芝兰路18号; 211505 江苏省南京市江宁区秣周东路12号1号楼P469","江苏","21"
"武汉和悦数字科技有限公司; 西安工程大学","深圳和能交通科技有限公司; 武汉和悦数字科技有限公司","陕西","518000 广东省深圳市前海深港合作区南山街道自贸西街18号前海香缤大厦311-A133; 430040 湖北省武汉市东湖开发区光谷大道303号光谷芯中心魔方项目(光谷芯中心2-07栋)2-1020室","陕西","51"
"广州优视网络科技有限公司; 广州彩瞳网络技术有限公司","阿里巴巴(中国)有限公司; 广州优视网络科技有限公司","广东","310052 浙江省杭州市滨江区长河街道网商路699号4号楼5楼508室; 510627 广东省广州市天河区黄埔大道西平云路163号广电平云广场B塔15层自编02单元","广东","31"
"深圳忆联信息系统有限公司","苏州忆联信息系统有限公司","广东","215000 江苏省苏州市中国(江苏)自由贸易试验区苏州片区苏州工业园区星湖街328号4-B703室","广东","21"
"法国电信公司; TDF公司","芬塔姆迪利NV有限责任公司","法国","美国特拉华州","法国","美国"
"蚂蚁金服(杭州)网络技术有限公司; 先进创新技术有限公司; 创新先进技术有限公司; 阿里巴巴集团控股有限公司","北京奥星贝斯科技有限公司; 创新先进技术有限公司; 蚂蚁金服(杭州)网络技术有限公司; 先进创新技术有限公司","开曼群岛","100020 北京市朝阳区东三环中路1号1幢1单元9层901内02号单元; 开曼群岛大开曼岛乔治镇医院路27号开曼企业中心; 310000 浙江省杭州市西湖区西溪路556号8层B段801-10","开曼","10"
"盐城工业职业技术学院","盐城海思数据分析有限公司","江苏","224000 江苏省盐城市经济技术开发区希望大道南路5号4幢1401-9室","江苏","22"
"湖南纽曼车联网科技有限公司","湖南小纽智能科技有限公司","湖南","410100 湖南省长沙市长沙经济技术开发区泉塘街道漓湘东路128号研发楼401","湖南","41"
"王向利","大连炫一科技有限公司","云南","116000 辽宁省大连市高新技术产业园区黄浦路523号A座十二层12A单元","云南","11"
"数基科技(北京)有限公司","中科唯实科技(北京)有限公司","北京","100080 北京市海淀区中关村东路95号自动化大厦12层","北京","10"
"中山大学","众源科技(广东)股份有限公司","广东","510000 广东省广州市黄埔区开源大道188号十栋101房、十栋301房","广东","51"
"山东中创软件工程股份有限公司","山东中创软件工程股份有限公司; 昆山中创软件工程有限责任公司","山东","250014 山东省济南市千佛山东路41-1号","山东","25"
"北京营加品牌管理有限公司","广东冠汇网络科技有限公司","广东","528000 广东省佛山市禅城区弼塘西二街8号内综合楼(第六层609室)(住所申报)","广东","52"
"任慧","西安中芯和控智能科技有限公司","广东","710000 陕西省西安市莲湖区大庆路81号大旺城916室","广东","71"
"北京鸿合智能系统股份有限公司; 北京鸿合盛视数字媒体技术有限公司; 鸿合科技有限公司","深圳市鸿合创新信息技术有限责任公司; 鸿合科技有限公司; 北京鸿合智能系统股份有限公司","北京","518000 广东省深圳市坪山区坑梓街道沙田社区丹梓北路1号鸿合大厦1栋A座101及整栋; 100085 北京市海淀区上地三街9号C座C1104室; 100086 北京市海淀区上地信息路11号西四层405、407室","北京","51"
"维沃通信科技有限公司","维沃移动通信有限公司","广东","523863 广东省东莞市长安镇靖海东路168号","广东","52"
"邯郸学院; 河北世勇科技有限公司; 阳检姑; 倪佳池","河北世勇科技有限公司; 阳检姑; 倪佳池; 广东长胜智能装备有限公司","河北","056000 河北省邯郸市复兴区建设大街345号希望山城3-2-206号; 421100 湖南省衡阳市衡南县花桥镇山峰村铁沙组; 523000 广东省东莞市长安镇新安麦园路十三巷5号1105室","河北","05"
"深圳市太赫兹科技创新研究院; 华讯方舟科技有限公司","深圳市华讯方舟光电技术有限公司; 深圳市太赫兹科技创新研究院","广东","518000 广东省深圳市宝安区西乡街道臣田社区臣田工业区37栋404","广东","51"
"柯斯提克绘图公司","想象技术有限公司","美国","英国赫特福德郡","美国","英国"
"龙图腾网科技(合肥)股份有限公司; 宁波大学","北京云柿信息技术有限公司; 龙图腾网科技(合肥)股份有限公司","浙江","100000 北京市海淀区马甸东路17号5层608; 230000 安徽省合肥市蜀山经济开发区井岗路电商园一期2号楼1楼","浙江","10"
"法国大陆汽车公司; 大陆汽车有限公司","大陆智行德国有限公司","法国","德国英戈尔施塔特","法国","德国"
"王凯平; 李萌","清华大学","北京","100084 北京市海淀区清华园","北京","10"
"安徽爱她有果电子商务有限公司","深圳市友联创科技有限公司","广东","518000 广东省深圳市龙岗区坂田街道坂田社区黄金山111-3号201","广东","51"
"重庆大学; 空间视创(重庆)科技股份有限公司","重庆空间视创科技有限公司; 重庆空间新视人工智能科技研究院有限公司","重庆","401120 重庆市渝北区金开大道西段106号11幢7楼1号房701室; 401331 重庆市沙坪坝区虎溪街道景阳路37号2幢CQ-01-B2--XN020","重庆","40"
"哈尔滨工业大学; 国科(吉林)知识产权运营有限公司","国科(吉林)知识产权运营有限公司; 长春市中科鑫材知识产权运营有限公司","黑龙江","130000 吉林省长春市北湖科技开发区盛北大街3333号北湖科技园产业三期H1栋605室3卡位01; 130000 吉林省长春市北湖科技开发区盛北大街3333号北湖科技园产业三期H1栋202-23室","黑龙","13"
"北京鑫紫竹兴业医疗器械股份有限公司; 上海瀚达医疗器械有限公司","赫美康健(北京)医疗器械有限公司; 北京鑫紫竹兴业医疗器械股份有限公司","上海","102600 北京市大兴区中关村科技园区大兴生物医药产业基地春林大街16号2幢四层A区、401、402、403室; 100089 北京市海淀区花园东路10号33幢四层410号","上海","10"
"采埃孚汽车科技(上海)有限公司","采埃孚亚太汽车安全系统(上海)有限公司","上海","201814 上海市嘉定区宝安公路4268号","上海","20"
"四川虹美智能科技有限公司","长虹美菱日电科技有限公司","四川","528400 广东省中山市南头镇同济西路2号之一","四川","52"
"中南大学","中南大学; 长沙矿冶研究院有限责任公司","湖南","410083 湖南省长沙市岳麓区麓山南路932号","湖南","41"
"北京知产汇科技有限公司; 重庆邮电大学","北京嫡麓设计咨询有限公司; 北京知产汇科技有限公司","重庆","100000 北京市海淀区杏石口路甲23号3号楼2层2209; 102400 北京市房山区天星街1号院10号楼8层810","重庆","10"
"四川新环佳科技发展有限公司","上海瀚正信息科技股份有限公司","四川","200120 中国(上海)浦东新区自由贸易试验区张衡路666弄2号408室","四川","20"
"包赛花","厦门丝柏科技有限公司","福建","361006 福建省厦门市湖里区华昌路132号C2楼4K-4S单元","福建","36"
"广东卓柏信息科技有限公司","武汉雪桥科技有限公司","广东","430312 湖北省武汉市黄陂区盘龙城经济开发区宋岗东路以西, 庆云路以南汉江宏信·尚璟瑞府二期一区16栋1单元7层(2)室","广东","43"
"北京工业大学","深圳市联英达科技有限公司","北京","518100 广东省深圳市龙华新区大浪街道高丰社区华达路兴强大厦B栋2楼厂房","北京","51"
"发明之家(北京)科技有限公司; 南京邮电大学盐城大数据研究院有限公司; 深圳百广科科技有限公司; 佛山市润千宇知识产权服务有限公司","深圳百广科科技有限公司; 佛山市润千宇知识产权服务有限公司; 江苏加数度科技有限公司","北京","518000 广东省深圳市罗湖区南湖街道嘉北社区人民南路3005号深房广场B3403G076; 528012 广东省佛山市禅城区祖庙街道福宁路213号一座写字楼2103室G001(住所申报); 210019 江苏省南京市建邺区贤坤路60号05幢1202室","北京","51"
"陈贤兴","利尔达科技有限公司","浙江","310011 浙江省杭州市拱墅区登云路425号","浙江","31"
"广东电子工业研究院有限公司","广东凌康科技有限公司","广东","523000 广东省东莞市南城区高盛科技园F座2楼","广东","52"
"北京开疆智能自动化科技有限公司","北京开疆智能技术有限公司","北京","100071 北京市丰台区航丰路8号院1号楼1层A区10号(集群注册)","北京","10"
"滨州学院; 王忠林","四川大学","四川","610065 四川省成都市一环路南一段24号","四川","61"
"北京优纳医疗科技有限公司","苏州优纳医疗器械有限公司","北京","215129 江苏省苏州市高新区泰山路2号27号厂房西","北京","21"
"青岛黑晶信息技术有限公司","北京黑晶科技有限公司","山东","100083 北京市海淀区清华东路15号1层118室","山东","10"
"西安电子科技大学","苏州工业园区广程通信技术有限公司","陕西","215124 江苏省苏州市苏州工业园区通园路菜茵花园ca-10","陕西","21"
"深圳市物联云信息技术有限公司","深圳市每开创新科技有限公司","广东","518000 广东省深圳市南山区粤海街道高新区社区高新南环路42号北邮科技大厦1002","广东","51"
"上海鼎泰匠芯科技有限公司","上海鼎泰匠芯科技有限公司; 上海亿持智能科技有限公司","上海","200135 上海市浦东新区自由贸易试验区临港新片区江山路2699弄13号5层","上海","20"
"莫雪华","陕西中工国杰科技有限公司","陕西","710004 陕西省西安市新城区北新街88号红星七贤府1幢1单元1层104室","陕西","71"
"冯仙武","刘宝鑫","山东","250000 山东省济南市历城区临港街道办事处曹官庄村265号","山东","25"
"深圳神目信息技术有限公司","深圳中维神目科技有限公司","广东","518000 广东省深圳市龙岗区坂田街道岗头社区天安云谷产业园一期3栋ABCD座A1201","广东","51"
"塞舌尔商元鼎音讯股份有限公司","原相科技股份有限公司",NA,"中国台湾新竹科学工业园区新竹县创新一路5号5楼","Unknown","中国"
"安徽建筑大学","合肥华宇智航动力能源有限公司","安徽","230088 安徽省合肥市高新区柏堰科技园秋菊路33号2号厂房","安徽","23"
"深圳市鑫全盛工贸有限公司","惠州市鑫全盛精密科技有限公司","广东","516006 广东省惠州市仲恺高新区东江科技园东兴片区东锦南路5号","广东","51"
"哈尔滨沅辰科技有限公司","赵颖淑; 杨晓峰","黑龙江","150001 黑龙江省哈尔滨市南岗区沿河路37号大自然家园3号楼3单元501室","黑龙","15"
"泰州可以信息科技有限公司; 常州寰企网络技术有限公司; 江苏首擎软件科技有限公司","江苏首擎软件科技有限公司; 南通百丰信息技术有限公司; 常州寰企网络技术有限公司","江苏","226000 江苏省南通市崇川区洪江路180号; 226000 江苏省南通市崇川区狼山镇街道世纪大道39(原377)号三层02、03室; 213000 江苏省常州市新北区汉江西路91号拨云科技园","江苏","22"
"深圳市言鼎科技有限公司","深圳市言鼎电脑有限公司","广东","518000 广东省深圳市宝安区西乡宝民二路臣田工业区第27栋3.4楼","广东","51"
"齐鲁工业大学","山东新睿信息科技有限公司","山东","250098 山东省济南市历下区银荷大厦D座518","山东","25"
"德信互动科技(北京)有限公司","英佰科技(沈阳)有限公司","北京","110013 辽宁省沈阳市沈北新区辉山经济开发区耀阳路18-10号","北京","11"
"卢森特技术有限公司; 阿尔卡特朗讯美国公司; 阿尔卡特朗讯公司","阿尔卡特朗讯美国公司; 阿尔卡特朗讯公司; 创新收购第一公司","美国","美国新泽西州; 法国巴黎; 美国特拉华州","美国","美国"
"SK电信有限公社","SK普兰尼特有限公司","韩国","韩国首尔","韩国","韩国"
"深圳市中识健康科技有限公司","深圳市利众信息科技有限公司","广东","518000 广东省深圳市前海深港合作区前湾一路1号A栋201室(入驻深圳市前海商务秘书有限公司)","广东","51"
"电子科技大学中山学院; 龙图腾网科技(合肥)股份有限公司","龙图腾网科技(合肥)股份有限公司; 水发数能(北京)科技产业有限公司","广东","230000 安徽省合肥市蜀山经济开发区井岗路电商园一期2号楼1楼; 100032 北京市西城区百万庄大街16号2号楼6层2616室","广东","23"
"日本电产三协株式会社","日本电产三协(浙江)有限公司; 日本电产三协株式会社","日本","浙江省平湖市经济开发区兴平二路888号","日本","浙江"
"北京航空航天大学","北京博奥瑞科技有限公司","北京","100041 北京石景山区八大处高科技园区西井路3号3号楼2961房间","北京","10"
"上海路辉智能系统股份有限公司","路辉智能科技(上海)有限公司","上海","200060 上海市普陀区曹杨路1888号11号3楼306室-P","上海","20"
"北京三春晖医疗器械有限公司; 北京玖门春医疗科技有限公司","北京玖门春医疗科技有限公司; 北京三春晖医疗器械有限公司","北京","100176 北京市大兴区北京经济技术开发区荣华南路1号院7号楼6层602; 100176 北京市大兴区北京经济技术开发区博兴五路10号1幢4层420-6","北京","10"
"林晨怡; 四川用联信息技术有限公司","林晨怡; 趣增信息科技(上海)有限公司","上海","200001 上海市黄浦区浙江中路400号17楼1710室; 361000 福建省厦门市海沧区万科城35号A303","上海","20"
"南京霍室凯贸易有限公司","深圳市盛冠电子有限公司","广东","518107 广东省深圳市光明新区公明街道合水口社区旭发科技园第五栋1、2、3、4层","广东","51"
"苏州知康医疗科技有限公司; 王萍","北京康萍科技有限公司; 苏州知康医疗科技有限公司","北京","100000 北京市海淀区海淀大街甲36号1层东部; 215000 江苏省苏州市高新区竹园路209号4号楼1409","北京","10"
"努比亚技术有限公司; 山东创品信息咨询服务有限公司","山东创品信息咨询服务有限公司; 陕西督雅望科技有限公司","山东","276000 山东省临沂市高新技术产业开发区龙湖软件园C703室; 712000 陕西省西安市西咸新区秦汉新城窑店街道办兰池大厦C座5层593号","山东","27"
"蚌埠贵久知识产权服务有限公司; 武汉投知家信息科技有限公司; 立德高科(北京)数码科技有限责任公司","扬州制汇互联信息技术有限公司; 蚌埠贵久知识产权服务有限公司; 武汉投知家信息科技有限公司","北京","225000 江苏省扬州市高新技术产业开发区开发西路217号; 233000 安徽省蚌埠市禹会区张公山路319号三楼1号; 430000 湖北省武汉市洪山区东湖新技术开发区老武黄公路206号慧谷时空1幢705、706A","北京","22"
"李钢","北京黄金视讯科技有限公司","北京","北京市海淀区信息路七号数字传媒大厦6层","北京","北京"
"重庆宇思腾企业管理咨询有限公司; 重庆砖家宝网络科技发展有限公司","重庆必推客网络科技有限公司; 重庆宇思腾企业管理咨询有限公司","重庆","400000 重庆市渝北区创意公园15栋6单元3楼; 400700 重庆市北碚区蔡家岗镇嘉瑞大道18号附74号","重庆","40"
"南京佳和牙科技术有限公司","上海微云实业集团有限公司","上海","200000 上海市徐汇区钦州北路1188号1幢8层801室","上海","20"
"奥古斯丁科技股份有限公司","热速得控股股份有限公司","台湾","中国香港, 邮编 :","台湾","中国"
"张宇翔","山东高速信联科技股份有限公司","山东","250000 山东省济南市高新区汉峪金谷A7-5信联科技大厦","山东","25"
"徐州工业职业技术学院; 合肥九州龙腾科技成果转化有限公司","合肥九州龙腾科技成果转化有限公司; 已未来(北京)通信科技有限公司","江苏","230000 安徽省合肥市蜀山经济开发区井岗路电商园一期2号楼203; 102600 北京市大兴区宏福路3号院2号楼1至2层202","江苏","23"
"李自辉; 温州承玥机械设备有限公司","温州承玥机械设备有限公司; 深圳市长城宽带网络服务有限公司","浙江","325000 浙江省温州市鹿城区府东路上堡公寓10幢1604室-2; 518054 广东省深圳市南山区粤海街道科技园社区科发路3号长城科技大厦1号厂房201A区","浙江","32"
"挹光科技股份有限公司","泽浦科技股份有限公司","台湾",NA,"台湾","Unknown"
"株式会社KT; 客得富移动通信股份有限公司","III控股1有限责任公司; 株式会社KT","韩国","美国特拉华州; 韩国城南市","韩国","美国"
"蚌埠立超信息科技有限公司; 杭州吉吉知识产权运营有限公司; 湖州帷幄知识产权运营有限公司; 上海斐讯数据通信技术有限公司","湖州帷幄知识产权运营有限公司; 蚌埠立超信息科技有限公司; 东莞市万酷电子科技有限公司; 杭州吉吉知识产权运营有限公司","上海","313000 浙江省湖州市吴兴区爱山街道新天地商务写字楼1019室; 233000 安徽省蚌埠市燕山路8319号(上理工科技园6号302室); 523000 广东省东莞市清溪镇钟千路15号5号楼301室; 310000 浙江省杭州市滨江区西兴街道江淑路260号10242室","上海","31"
"北京友强惠泽机电科技股份有限公司","北京安达维森机电设备技术有限公司","北京","100176 北京市大兴区经济技术开发区科创十四街20号院7号楼1-101","北京","10"
"北京金山安全软件有限公司","乐蜜有限公司","北京","开曼群岛大开曼群岛","北京","开曼"
"平安普惠企业管理有限公司","深圳市云速易连科技有限公司","广东","518000 广东省深圳市南山区粤海街道科技园社区科丰路2号特发信息港大厦B栋1207","广东","51"
"惠州市惠城区新宏威硅胶制品厂","惠州市宏远科技有限公司","广东","516000 广东省惠州市惠城区小金口街道柏岗村尾二小组南四路","广东","51"
"深圳市时时发控股有限公司","成都诚旭精密机械有限公司","四川","610000 四川省成都市郫都区现代工业港南片区正港路258号","四川","61"
"纽昂斯通讯公司","赛伦斯运营公司","美国","美国马萨诸塞州","美国","美国"
"刘清利","潍坊科技学院","山东","262700 山东省寿光市金光街1299号潍坊科技学院","山东","26"
"左旺孟; 张宏志; 邓红; 石坚; 张垒磊","哈尔滨市超凡视觉科技有限公司","黑龙江","150090 黑龙江省哈尔滨市南岗区嵩山路副36号701室","黑龙","15"
"华为技术有限公司","刘纳","广东","075000 河北省张家口市桥东区汉桥街26号2楼1单元301号","广东","07"
"深圳市同泰怡信息技术有限公司","同泰怡信息技术(福建)有限公司","广东","350100 福建省福州市闽侯县上街镇乌龙江南大道30号福州清华紫光科技园-海峡科技研发区1-6#研发楼5层501研发-1","广东","35"
"呼和浩特市肃博电子技术有限公司","河南中信科大数据科技有限公司","河南","450000 河南省郑州市自贸试验区郑州片区(郑东)商务外环路22号2单元16层1602号","河南","45"
"易元数字(北京)科技集团有限公司","易元数字(北京)科技集团有限公司; 易元数字(北京)大数据科技有限公司","北京","100037 北京市西城区阜成门外大街2号21层B2301","北京","10"
"成都市亚丁胡杨科技股份有限公司; 四川省和信源创劳务有限公司","四川省和信源创劳务有限公司; 四川才能科技有限公司","四川","610072 四川省成都市青羊区清江中路20号11层18号; 610000 四川省成都市青羊区清江中路20号(中国成都人力资源服务产业园)11层18号","四川","61"
"SPX公司; 博世汽车服务解决方案有限公司","博世汽车服务解决方案公司; 服务解决方案美国有限公司","美国","美国密歇根州","美国","美国"
"山东财经大学","山东财经大学; 山东仁功智能科技有限公司","山东","250014 山东省济南市历下区二环东路7366号","山东","25"
"车轮互联科技(上海)股份有限公司","鹏博士数智云有限公司","上海","100089 北京市海淀区北清路81号院一区1号楼3层301室","上海","10"
"北京动视科技有限公司","北京中通奥博技术有限公司","北京","100000 北京市海淀区信息路15号902","北京","10"
"合肥顶澜科技咨询有限公司","福州德发科技有限公司","安徽","350100 福建省福州市闽侯县上街镇科技东路3号创新园一期14号楼4层A-54室","安徽","35"
"永硕联合国际股份有限公司","和硕联合科技股份有限公司","台湾","中国台湾台北市","台湾","中国"
"深圳市巨潮科技有限公司","深圳市巨烽显示科技有限公司","广东","518057 广东省深圳市南山区高新南一道中国科技开发院孵化大楼201室","广东","51"
"北京薇途科技有限公司","北京麦昆场景科技有限公司","北京","101408 北京市怀柔区雁栖经济开发区雁栖路33号院1号楼103室","北京","10"
"顾荣华","深圳市华智鑫光电有限公司","贵州","518000 广东省深圳市宝安区西乡街道固兴社区勤辉路6号厂房A801","贵州","51"
"厦门喜鱼网络科技有限公司","厦门翼逗网络科技有限公司","福建","361000 福建省厦门市厦门火炬高新区软件园创新大厦C区3F-A652","福建","36"
"重庆万重山智能科技有限公司","杨美丽","重庆","202165 上海市崇明区庙镇南星村832号","重庆","20"
"苏州工业园区格网信息科技有限公司; 苏州工业园区测绘地理信息有限公司","苏州工业园区测绘地理信息有限公司","江苏","215027 江苏省苏州市苏州工业园区苏虹中路101号","江苏","21"
"北京网聘咨询有限公司","智联(无锡)信息技术有限公司","北京","214000 江苏省无锡市无锡经济开发区红星大都汇东侧8号楼(无锡人才金融港)7楼706室","北京","21"
"中兴通讯股份有限公司","刘英","广东","253600 山东省德州市乐陵市城区开发小区彭家庙8号","广东","25"
"澜起科技(上海)有限公司","上海澜至半导体有限公司; 澜至电子科技(成都)有限公司","上海","200233 上海市徐汇区宜山路900号1幢A18部位","上海","20"
"广州云博互联网技术有限公司","心科(上海)网络科技有限公司","上海","200333 上海市普陀区同普路1272号4楼4010室","上海","20"
"国家电网公司; 国网上海市电力公司; 国网电力科学研究院; 北京国电通网络技术有限公司","北京国电通网络技术有限公司; 国家电网公司; 国网上海市电力公司; 国网电力科学研究院","北京","100070 北京市丰台区航丰路一号时代财富天地大厦28层; 100031 北京市西城区西长安街86号","北京","10"
"北京易知环宇文化传媒有限公司","深圳市中惠伟业科技有限公司","广东","518000 广东省深圳市宝安区石岩街道石龙社区工业二路1号惠科工业园厂房5八层8楼802","广东","51"
"国家管网集团西南管道有限责任公司","国家石油天然气管网集团有限公司; 国家管网集团西南管道有限责任公司","四川","100013 北京市朝阳区东土城路5号A座6层08-10室","四川","10"
"昭文科技(北京)股份有限公司","东智安通(北京)科技有限公司","北京","100191 北京市海淀区花园东路30号海淀花园饭店5515室","北京","10"
"深圳矽感科技有限公司; 矽感微讯公司","武汉矽感科技有限公司; 矽感科技(深圳)有限公司","广东",NA,"广东","Unknown"
"华讯方舟科技有限公司; 西安华讯方舟信息技术有限公司","西安华讯方舟信息技术有限公司; 深圳市华讯方舟光电技术有限公司; 华讯方舟科技有限公司","广东","710075 陕西省西安市高新区沣惠南路36号橡树街区1号楼10701室、10702室; 518000 广东省深圳市宝安区西乡街道臣田社区臣田工业区37栋404; 518000 广东省深圳市宝安区西乡宝田一路臣田工业区第37栋1楼及2楼靠西","广东","71"
"湖南橙色盒子电子商务有限公司","东莞英伍电子有限公司","广东","523000 广东省东莞市清溪镇银山工业区康怡路176号A、B栋3楼","广东","52"
"高崧","北京射济通科技开发有限公司","北京","北京市海淀区北三环西路48号科技会展中心A座1号楼10层C、D室  邮编 :  100086","北京","北京"
"爱控股株式会社; 自中间全球株式会社; 索尼株式会社","连株式会社; 爱迩外株式会社; 连股份有限公司","日本","日本东京; 日本东京都","日本","日本"
"四川省致链数字科技有限公司","四川亚度家具有限公司","四川","618113 四川省德阳市中江县兴隆镇隆锦路10号","四川","61"
"重庆大学","重庆守愚科技有限公司","重庆","401122 重庆市北部新区鸳鸯路8号2栋1-11-3","重庆","40"
"蚂蚁智信(杭州)信息技术有限公司","蚂蚁胜信(上海)信息技术有限公司","上海","200010 上海市黄浦区外马路618号6层610室","上海","20"
"浙江知多多网络科技有限公司; 杭州电子科技大学","江苏国贸酝领智能科技股份有限公司; 浙江知多多网络科技有限公司","浙江","215000 江苏省苏州市工业园区唯亭镇唯文路5号; 310016 浙江省杭州市江干区高德置地中心1号楼3003室-1","浙江","21"
"重庆邮电大学; 深圳泓越企业管理咨询有限公司","深圳泓越企业管理咨询有限公司; 北京海唐新媒文化科技股份有限公司","重庆","518000 广东省深圳市龙华区大浪街道横朗社区华兴路13号智云产业园A栋1104; 100000 北京市海淀区阜外亮甲店1号恩济西园产业园孵化区228室","重庆","51"
"北京京诚瑞达电气工程技术有限公司; 中冶京诚工程技术有限公司","中冶京诚数字科技(北京)有限公司; 中冶京诚工程技术有限公司","北京","100176 北京市大兴区北京经济技术开发区科谷一街10号院10号楼11层1101","北京","10"
"南京区盟链信息科技有限公司; 苏州区盟链数字科技有限公司","苏州区盟链数字科技有限公司; 南京区盟链信息科技有限公司","江苏","215100 江苏省苏州市相城区高铁新城南天成路55号相融大厦13层1301室; 210000 江苏省南京市江北新区研创园团结路99号孵鹰大厦1212室","江苏","21"
"广州即讯数码科技有限公司; 严春莲","广州即讯数码科技有限公司; 广州市久邦数码科技有限公司","广东","510055 广州市中山三路33号中华国际中心A座16-17层; 广东省广州市天河东路242号206室  邮政编码 : 510620","广东","51"
"山东公链信息科技有限公司","李宝次; 山东公链信息科技有限公司","山东","350000 福建省福州市晋安区连江中路196号源福花园","山东","35"
