"转让人","受让人","IPC分类号","申请人地区","受让人地址","转让人省份","受让人省份"
"无锡桑尼安科技有限公司","福州环亚众志计算机有限公司","G06F19/00","福建","350000 福建省福州市台江区鳌峰路184-186号桂园怡景二期2号楼8层02单元","福建","35"
"西南交通大学","芽米科技(广州)有限公司","H04L29/06","四川","510530 广东省广州市黄埔区科丰路85号801房","四川","51"
"重庆理工大学","芽米科技(广州)有限公司","H04L29/06; G06K9/62; G06N3/04; G06N3/08","重庆","510530 广东省广州市黄埔区科丰路85号801房","重庆","51"
"鸿富锦精密工业(深圳)有限公司; 鸿海精密工业股份有限公司","嘉善县魏塘资产管理有限公司","H04L29/06; H04L29/12","广东","浙江省嘉兴市嘉善县魏塘街道环北西路355号二楼西侧西二间","广东","浙江"
"安庆师范大学","河北凯通信息技术服务有限公司","G06T7/40; G06T7/90","安徽","073000 河北省保定市定州市商业街与兴定路交叉口北行200米路西(爵仕山小区3幢19层1910号)","安徽","07"
"中国建设银行股份有限公司","建信金融科技有限责任公司","H04L12/24; H04L29/06; H04L29/08","北京","200120 上海市浦东新区自由贸易试验区银城路99号12层、15层","北京","20"
"成都布林特信息技术有限公司","成都信息工程大学","G06F16/25","四川","610225 四川省成都市西南航空港经济开发区学府路一段24号","四川","61"
"重庆邮电大学","北京神州数码云科信息技术有限公司; 神州鲲泰(厦门)信息技术有限公司","H04L9/08; H04L9/32","北京","100000 北京市海淀区上地九街9号3层301号","北京","10"
"谷歌有限责任公司","瑞典爱立信有限公司","G06F3/00","美国","瑞典斯德哥尔摩","美国","瑞典"
"泰州三凯工程技术有限公司","重庆工程职业技术学院","G06T7/62; G06T5/00; A62B1/00","重庆","402260 重庆市江津区南北大道1号重庆工程职业技术学院","重庆","40"
"株式会社日立制作所","瑞萨电子株式会社","G06F3/14; G09G3/36; G02F1/133; G06F3/048; G09G3/20; G09G5/34; G06F3/0485","日本","日本神奈川","日本","日本"
"广东工业大学","合肥名龙电子科技有限公司","G06Q20/40; G06F21/55; H04L9/40","广东","230000 安徽省合肥市蜀山区甘泉路81号沃野花园商办楼B-1015","广东","23"
"阿尔特拉公司","英特尔公司","G06F7/52; H03K19/173; H03K19/177; G06F17/50","美国","美国加利福尼亚州","美国","美国"
"辛纳普蒂克斯公司","株式会社和冠","G06F3/0484; G06F3/0488","美国","日本埼玉县","美国","日本"
"SK普兰尼特有限公司","SK电信有限公司","G06Q30/02; H02J7/00","韩国","韩国首尔","韩国","韩国"
"西安理工大学","广州市卓航信息科技有限公司","G06V10/764; G06V10/80; G06V10/77; G06V10/50; G06V10/26","广东","510000 广东省广州市番禺区南村镇兴业大道东422号2062室","广东","51"
"西安交通大学","税友软件集团股份有限公司","G06F17/30; G06Q40/00","陕西","310053 浙江省杭州市滨江区南环路3738号税友大厦","陕西","31"
"烽火通信科技股份有限公司","烽火通信科技股份有限公司; 武汉长江计算科技有限公司","H04L67/56","湖北","430000 湖北省武汉市东湖高新技术开发区高新四路6号","湖北","43"
"艾利森电话股份有限公司","因芬尼昂技术股份公司","G06F17/50; H01L21/82","瑞典",NA,"瑞典","Unknown"
"北京神州数码云科信息技术有限公司","北京神州数码云科信息技术有限公司; 神州鲲泰(厦门)信息技术有限公司","H04L29/06; H04L12/14","北京","100085 北京市海淀区上地九街9号3层301号","北京","10"
"郑州云海信息技术有限公司","浪潮云信息技术有限公司","G06F8/30; G06F8/41; G06F8/70","河南","250100 山东省济南市高新区浪潮路1036号浪潮科技园S01号楼","河南","25"
"东北林业大学","哈尔滨理工大学","G06F3/039","黑龙江","150080 黑龙江省哈尔滨市南岗区学府路52号","黑龙","15"
"广东电网有限责任公司电力调度控制中心","南方电网电力科技股份有限公司","G06Q10/04; G06Q50/06","广东","510000 广东省广州市越秀区西华路捶帽新街1-3号华业大厦附楼501-503室(不可作厂房使用)","广东","51"
"索尼株式会社","汤姆逊许可公司","G06F3/033; G06F3/03; G06F3/00; G06F3/01; G06F3/02; G06F3/041; G06F3/042","日本","法国伊西莱穆利诺","日本","法国"
"惠州TCL移动通信有限公司","湖北华中电力科技开发有限责任公司","G06F11/22; G06F3/16","广东","430070 湖北省武汉市洪山区珞瑜路546号","广东","43"
"上海博泰悦臻电子设备制造有限公司","上海汽车集团股份有限公司","G06F3/01; G06F3/048; G06F3/0482","上海","201203 上海市张江高科技园区松涛路563号1号楼509室","上海","20"
"浪潮电子信息产业股份有限公司","浪潮云信息技术有限公司","G06F9/445","山东","250100 山东省济南市高新区浪潮路1036号浪潮科技园S01号楼","山东","25"
"珠海市君天电子科技有限公司","珠海豹趣科技有限公司","H04L12/24","广东","519000 广东省珠海市横琴新区宝华路6号105室-53811(集中办公区)","广东","51"
"西安电子科技大学","OPPO广东移动通信有限公司","H04L9/08; H04W8/00; H04W12/02; H04W12/03; H04W12/0431; H04W12/06; H04W12/50; H04W12/122","陕西","523860 广东省东莞市长安镇乌沙海滨路18号","陕西","52"
"北京百度网讯科技有限公司","深圳市凌晨知识产权运营有限公司","G06F30/18; G06F30/27; G06F113/02; G06F119/20","北京","518000 广东省深圳市龙华区龙华街道龙园社区龙发路428花园街B24花园街B23B","北京","51"
"富泰华工业(深圳)有限公司; 鸿海精密工业股份有限公司","嘉善县魏塘资产管理有限公司","G06F3/02; G06F1/16","广东","浙江省嘉兴市嘉善县魏塘街道环北西路355号二楼西侧西二间","广东","浙江"
"浙江省北大信息技术高等研究院; 杭州未名信科科技有限公司","杭州未名信科科技有限公司; 浙江省北大信息技术高等研究院","G06K9/46; G06K9/62; G06N3/04","浙江","311200 浙江省杭州市萧山区宁围街道钱江世纪公园C区1幢101室","浙江","31"
"诺基亚通信公司","起源资产集团有限责任公司","H04L29/06; G06F17/24","芬兰","美国纽约州","芬兰","美国"
"展讯通信(上海)有限公司; 芯鑫融资租赁(厦门)有限责任公司; 芯鑫融资租赁(北京)有限责任公司; 芯鑫融资租赁有限责任公司","芯鑫融资租赁有限责任公司; 展讯通信(上海)有限公司; 芯鑫融资租赁(厦门)有限责任公司; 芯鑫融资租赁(北京)有限责任公司","H04L5/02; H04L27/26","上海","200127 中国(上海)自由贸易试验区张杨路707号32楼3205F室; 201203 上海市浦东新区张江高科技园区祖冲之路2288弄展讯中心1号楼; 361012 福建省厦门市中国(福建)自由贸易试验区厦门片区象屿路97号厦门国际航运中心D栋8层05单元; 201203 上海市浦东新区中国(上海)自由贸易试验区祖冲之路2288; 100033 北京市西城区金融街乙9号威斯汀行政公寓2062室","上海","20"
"杭州电子科技大学","合肥智慧龙机械设计有限公司","G06Q10/04; G06Q50/06; G06F17/18","浙江","230000 安徽省合肥市蜀山区甘泉路81号沃野花园商办楼B-1018","浙江","23"
"惠普开发有限公司","瑞典爱立信有限公司","G06F9/06; G06F9/22","瑞典","瑞典斯德哥尔摩","瑞典","瑞典"
"杭州电子科技大学","杭州电子科技大学上虞科学与工程研究院有限公司; 杭州电子科技大学","G06F18/23; G06F18/214; G06N20/00; G06N3/0464; G06N3/098","浙江","312300 浙江省绍兴市上虞区曹娥街道五星西路外五甲村上虞产教融合创新园1期复兴西路77号","浙江","31"
"安庆师范大学","合肥名龙电子科技有限公司","G06F13/16; G06F13/40; G06F1/3287","安徽","230000 安徽省合肥市蜀山区甘泉路81号沃野花园商办楼B-1015","安徽","23"
"国际商业机器公司","联发科技股份有限公司","G06F3/033; G06F3/00; G06F3/041; G06F3/14","美国",NA,"美国","Unknown"
"重庆邮电大学","山东高速信联科技股份有限公司","G06F18/213; G06N3/08; G06N3/0464; G08G1/065","山东","250000 山东省济南市高新区汉峪金谷A7-5信联科技大厦","山东","25"
"金陵科技学院","合肥名龙电子科技有限公司","G06F1/16; G06F1/20","江苏","230000 安徽省合肥市蜀山区甘泉路81号沃野花园商办楼B-1015","江苏","23"
"国网山东省电力公司电力科学研究院; 国家电网有限公司","国网智能科技股份有限公司","G06T11/00; G06T7/00","山东","250101 山东省济南市高新孙村片区飞跃大道以南、26号路以东(ICT产业园内)电力智能机器人生产项目101","山东","25"
"广东工业大学","广州大鱼创福科技有限公司","G06T19/00; A63F13/52; G06F40/211; G06F40/289; G06N3/045; G06N3/0475; G06N3/094; G06F3/01","广东","510530 广东省广州市黄埔区科丰路85号801房","广东","51"
"歌尔科技有限公司","歌尔光学科技有限公司","G06T7/13; G06T7/00; G06T7/181","山东","261031 山东省潍坊市高新区东明路以东玉清街以北(歌尔电子办公楼502室)","山东","26"
"浪潮软件科技有限公司","浪潮通信技术有限公司","H04L69/18; H04L69/08; H04W80/02","山东","266107 山东省青岛市城阳区丹山工业园湘潭路2号","山东","26"
"汪风珍","深圳市兆能讯通科技有限公司","G06F11/10","湖南","518000 广东省深圳市光明新区光明街道白花社区大外环路南侧汇得宝工业园七栋厂房第5层","湖南","51"
"中国南方电网有限责任公司; 南方电网数字电网研究院股份有限公司","南方电网数字企业科技(广东)有限公司","G06F9/448","广东","510030 广东省广州市越秀区东风东路836号1座2802房","广东","51"
"三星电子株式会社","高通股份有限公司","H04L1/08; H03M13/00; G06F11/10; G11B20/22; H03M7/00; H03M13/09; H03M13/27; H03M13/29; H03M13/37; H03M13/45; H04L1/00; H04L1/16; H04L1/18","韩国","美国加利福尼亚州","韩国","美国"
"阿里巴巴(中国)有限公司","拉扎斯网络科技(上海)有限公司","G06F11/36; G06F21/12","浙江","200333 上海市普陀区真北路788号507室","浙江","20"
"浪潮卓数大数据产业发展有限公司","浪潮云信息技术股份公司","G06F21/60","江苏","250100 山东省济南市高新区浪潮路1036号浪潮科技园S01号楼","江苏","25"
"西南交通大学","合肥名龙电子科技有限公司","G06Q10/04; G06Q50/06; G06Q10/06; G06N3/00","四川","230000 安徽省合肥市蜀山区甘泉路81号沃野花园商办楼B-1015","四川","23"
"成都理工大学","合肥名龙电子科技有限公司","G06V10/764; G06V10/82; G06K9/62; G06N3/04; G06N3/08","四川","230000 安徽省合肥市蜀山区甘泉路81号沃野花园商办楼B-1015","四川","23"
"四川九成信息技术有限公司","广西电网有限责任公司","H04L29/08; G06F17/30; H04L12/24","广西","530000 广西壮族自治区南宁市兴宁区民主路6号","广西","53"
"奕力科技(开曼)股份有限公司; 奕力科技股份有限公司","奕力科技股份有限公司; 奕力科技(开曼)股份有限公司","G06F3/041; G06F3/044","台湾","中国台湾新竹县竹北市台元二街1号10楼之1; 开曼群岛大开曼岛西湾路802号芙蓉道宏阁邮政信箱","台湾","中国"
"西南科技大学","合肥智慧龙机械设计有限公司","G06F30/13; G06F30/20; E02D5/18; G06F119/14","四川","230000 安徽省合肥市蜀山区甘泉路81号沃野花园商办楼B-1018","四川","23"
"张伟","江苏永鼎通信有限公司","H04L29/08; G06T19/20","江苏","215212 江苏省苏州市吴江区黎里镇越秀路888号","江苏","21"
"华为技术有限公司","苏州鱼得水电气科技有限公司","H04L12/24","广东","215010 江苏省苏州市高新区长江路556号5幢704室","广东","21"
"上海浪潮云计算服务有限公司","浪潮云信息技术有限公司","H04L29/08","山东","250100 山东省济南市高新区浪潮路1036号浪潮科技园S01号楼","山东","25"
"浪潮(北京)电子信息产业有限公司","苏州浪潮智能科技有限公司","G06F16/188; G06F21/62","江苏","215100 江苏省苏州市江苏吴中区吴中经济开发区郭巷街道官浦路1号9幢","江苏","21"
"刘强","山东理工大学","G06K9/00; G06K9/34; G06K9/40; G06K9/46; G06K9/62; G06N3/04; G06N3/08; G06T5/00; G06T5/20; G06T7/70; B07C5/342; B07C5/36","山东","255086 山东省淄博市高新技术开发区高创园A座313室","山东","25"
"中国南方电网有限责任公司; 南方电网数字电网研究院股份有限公司","南方电网数字电网研究院股份有限公司","G06F40/30; G06F18/214; G06F18/22; G06N3/0442; G06Q50/06","广东","510700 广东省广州市黄埔区中新广州知识城亿创街1号406房之86","广东","51"
"夏普株式会社","株式会社和冠","G06F3/044; G01B7/00; G06F3/041","日本","日本埼玉县","日本","日本"
"浪潮电子信息产业股份有限公司","苏州浪潮智能科技有限公司","G06F1/18","江苏","215100 江苏省苏州市吴中区吴中经济开发区郭巷街道官浦路1号9幢","江苏","21"
"北京迈格威科技有限公司","原力金智(重庆)科技有限公司","G06Q30/015; G06Q30/0601","北京","401100 重庆市渝北区两江新区卉竹路2号9幢2层257号","北京","40"
"深圳市英威诺科技有限公司","上海兆言网络科技有限公司","G06V10/74; G06V20/40","上海","200000 上海市杨浦区伟成路62号501、502、503、504室","上海","20"
"展讯通信(上海)有限公司; 芯鑫融资租赁(厦门)有限责任公司; 芯鑫融资租赁有限责任公司; 芯鑫融资租赁(北京)有限责任公司","芯鑫融资租赁有限责任公司; 展讯通信(上海)有限公司; 芯鑫融资租赁(北京)有限责任公司; 芯鑫融资租赁(厦门)有限责任公司","H04L12/26; H04L12/24; H04B17/00; H04M1/24","上海","200127 上海市浦东新区自由贸易试验区张杨路707号32楼3205F室; 201203 上海市浦东新区张江高科技园区祖冲之路2288弄展讯中心1号楼; 100033 北京市西城区金融街乙9号威斯汀行政公寓2062室; 361012 福建省厦门市中国(福建)自由贸易试验区厦门片区象屿路97号厦门国际航运中心D栋8层05单元; 201203 上海市浦东新区中国(上海)自由贸易试验区祖冲之路2288","上海","20"
"华为终端有限公司","荣耀终端有限公司","G06F1/3234; G06K7/10; H04N5/232","广东","518040 广东省深圳市福田区香蜜湖街道东海社区红荔西路8089号深业中城6号楼A单元3401","广东","51"
"乐视网信息技术(北京)股份有限公司","上海掌门科技有限公司","G06F17/30","北京","201203 上海市浦东新区张衡路666弄1号7楼","北京","20"
"鸿富锦精密电子(天津)有限公司; 鸿海精密工业股份有限公司","嘉善县魏塘资产管理有限公司","G06F11/22","天津","314100 浙江省嘉兴市嘉善县魏塘街道环北西路355号二楼西侧西二间","天津","31"
"高秀丽","中国石油大学(华东)","H04N21/422; G08C23/04","山东","266580 山东省青岛市黄岛区开发区长江西路66号","山东","26"
"展讯通信(上海)有限公司; 芯鑫融资租赁(北京)有限责任公司; 芯鑫融资租赁(厦门)有限责任公司; 芯鑫融资租赁有限责任公司","芯鑫融资租赁有限责任公司; 展讯通信(上海)有限公司; 芯鑫融资租赁(北京)有限责任公司; 芯鑫融资租赁(厦门)有限责任公司","H04L12/26; H04L12/24; H04B17/00; H04M1/24","上海","200127 上海市浦东新区自由贸易试验区张杨路707号32楼3205F室; 201203 上海市浦东新区中国(上海)自由贸易试验区祖冲之路2288; 201203 上海市浦东新区张江高科技园区祖冲之路2288弄展讯中心1号楼; 100033 北京市西城区金融街乙9号威斯汀行政公寓2062室; 361012 福建省厦门市中国(福建)自由贸易试验区厦门片区象屿路97号厦门国际航运中心D栋8层05单元","上海","20"
"安庆师范大学","龙图腾网科技(合肥)股份有限公司","G06Q10/04; G06Q50/26; G06N3/12","安徽","230000 安徽省合肥市蜀山经济开发区井岗路电商园一期2号楼1楼","安徽","23"
"山东师范大学","重庆贝奥新视野医疗设备有限公司","G06T5/00; G06N3/04; G06N3/08","山东","400000 重庆市九龙坡区重庆高新区金凤镇凤笙路27号附5号第2层","山东","40"
"湖南科技大学","佛山科学技术学院","G06F1/24; H03K17/22","湖南","528000 广东省佛山市江湾一路18号","湖南","52"
"深圳市汇顶科技股份有限公司","东旭科技集团有限公司","G06K9/00; G06K9/20","广东","100071 北京市丰台区四合庄路2号院4号楼1至17层101内11层1112","广东","10"
"华为技术有限公司; 华为数字技术(成都)有限公司","超聚变数字技术有限公司; 华为技术有限公司","H04L12/12; H04L12/10; H04L12/56; H04L29/06","四川","450046 河南省郑州市郑东新区龙子湖智慧岛正商博雅广场1号楼9层; 518129 广东省深圳市龙岗区坂田华为总部办公楼","四川","45"
"伊斯曼柯达公司","苹果公司","G06T5/00","美国","美国加利福尼亚","美国","美国"
"阿尔卡特朗讯公司","起源资产集团有限责任公司","H04L29/10; H04M11/06; H04M3/00","法国","美国纽约州","法国","美国"
"松下电器产业株式会社","松下电器(美国)知识产权公司","G06F17/00; G06F12/14; G06F1/00; G06F12/00; G06F19/00; G06F21/00; G06F21/10; G06F21/24; G06F21/60; G06F21/62; G06F21/64; G06Q10/00; G06Q30/02; G06Q30/04; G06Q30/06; G06Q50/00; G06Q50/10; H04L12/00; H04L29/06; H04N7/16","日本","美国加利福尼亚州","日本","美国"
"成都信息工程大学","合肥名龙电子科技有限公司","G06F11/10","四川","230000 安徽省合肥市蜀山区甘泉路81号沃野花园商办楼B-1015","四川","23"
"常州信息职业技术学院","合肥龙智机电科技有限公司","G06F1/16","江苏","230000 安徽省合肥市蜀山区甘泉路81号沃野花园商办楼B-2704","江苏","23"
"捷开通讯(深圳)有限公司","TCL通讯(宁波)有限公司","G06F3/01; G06K9/00; H04M1/725; H04M1/72451","广东","315040 浙江省宁波市高新区扬帆路999弄5号6楼","广东","31"
"鸿富锦精密工业(深圳)有限公司; 鸿海精密工业股份有限公司","许昌学院","H04L29/06","河南","461000 河南省许昌市魏都区八一路88号许昌学院","河南","46"
"三星电子株式会社","诺基亚技术有限公司","H04L1/00","韩国","芬兰埃斯波","韩国","芬兰"
"芯鑫融资租赁(北京)有限责任公司; 展讯通信(上海)有限公司; 芯鑫融资租赁(厦门)有限责任公司; 芯鑫融资租赁有限责任公司","展讯通信(上海)有限公司; 芯鑫融资租赁有限责任公司; 芯鑫融资租赁(北京)有限责任公司; 芯鑫融资租赁(厦门)有限责任公司","G06K9/00; G06K9/36; G06K9/62","上海","201203 上海市浦东新区中国(上海)自由贸易试验区祖冲之路2288; 200127 中国(上海)自由贸易试验区张杨路707号32楼3205F室; 201203 上海市浦东新区张江高科技园区祖冲之路2288弄展讯中心1号楼; 100033 北京市西城区金融街乙9号威斯汀行政公寓2062室; 361012 福建省厦门市自由贸易试验区厦门片区象屿路97号厦门国际航运中心D栋8层05单元","上海","20"
"西门子公司; 西门子医疗有限公司","西门子医疗有限公司; 西门子医疗股份公司","G06T7/00; G06T19/20","德国","德国埃朗根; 德国福希海姆","德国","德国"
"江苏科技大学","常熟市知识产权运营中心有限公司","G06F17/50; B24B3/00","江苏","215500 江苏省苏州市常熟市草荡路13号","江苏","21"
"南京南瑞继保电气有限公司; 南京南瑞继保工程技术有限公司","昆明电力交易中心有限责任公司","G06F11/36; G06Q50/06","江苏","650011 云南省昆明市官渡区拓东路73号","江苏","65"
"黄河科技学院","重庆大学","G06F1/18; G06F1/20","重庆","400000 重庆市沙坪坝区正街174号","重庆","40"
"江苏科技大学","龙图腾网科技(合肥)股份有限公司","G06T5/00","江苏","230000 安徽省合肥市蜀山经济开发区井岗路电商园一期2号楼1楼","江苏","23"
"腾讯科技(深圳)有限公司","深圳市腾讯计算机系统有限公司; 腾讯科技(深圳)有限公司","G06F9/54","广东","518057 广东省深圳市南山区高新区科技中一路腾讯大厦35层","广东","51"
"刘勇","北京创鑫旅程网络技术有限公司","G06F21/32; G06F21/62","北京","100000 北京市朝阳区酒仙桥北路9号(厂区)10幢","北京","10"
"燕山大学","合肥龙智机电科技有限公司","G06F30/23; G06F30/17; G06F119/08","河北","230000 安徽省合肥市蜀山区甘泉路81号沃野花园商办楼B-2704","河北","23"
"华北理工大学","天津城建大学","G06F8/654; G06F9/448; G06F11/07","天津","300380 天津市西青区津静路26号","天津","30"
"阿里巴巴(中国)有限公司","浙江菜鸟供应链管理有限公司","G06Q10/08; G06Q50/28","浙江","311121 浙江省杭州市余杭区五常街道文一西路969号3幢4层437室","浙江","31"
"英业达集团(天津)电子技术有限公司; 英业达股份有限公司","北京智谷技术服务有限公司","G06F12/08; G06F12/0868","天津","100085 北京市海淀区小营西路33号1层1F06室","天津","10"
"成都亚度克升科技有限公司","中数智创科技有限公司","G06F16/9535; G06F16/9536; G06Q50/00; G06N3/0442; G06F11/34","四川","050000 河北省石家庄市裕华区谈固南大街45号神农大厦1903","四川","05"
"湖南大学","南京工业大学","G06Q10/04; G06Q50/06","湖南","210000 江苏省南京市浦口区浦珠南路30号","湖南","21"
"捷开通讯(深圳)有限公司","深圳市华熹投资有限公司","G06F3/0354; G06F21/32","广东","518000 广东省深圳市前海深港合作区前湾一路1号A栋201室(入驻深圳市前海商务秘书有限公司)","广东","51"
"南京理工大学连云港研究院","南京理工大学","G06F11/36","江苏","210094 江苏省南京市孝陵卫200号","江苏","21"
"鸿富锦精密工业(深圳)有限公司; 鸿海精密工业股份有限公司","海宁经开产业园区开发建设有限公司","G06F3/01; G06F3/0346; G06F3/038","广东","浙江省嘉兴市海宁市海宁经济开发区隆兴路118号内主办公楼207室","广东","浙江"
"河南大学","合肥龙智机电科技有限公司","G06T7/00; G06T7/70; G06T5/00; G06T3/40; G06N3/0464","河南","230000 安徽省合肥市蜀山区甘泉路81号沃野花园商办楼B-2704","河南","23"
"阿尔卡特朗讯公司","诺基亚技术有限公司","H04L12/18; H04L45/247; H04L45/16; H04L45/24; H04L45/28; H04L45/50","法国","芬兰埃斯波","法国","芬兰"
"沈阳大学","深圳恒远志达信息科技有限公司","G06F30/23; G06F30/20; G06F30/13; G06F30/17; G06F111/10; G06F113/06; G06F113/26; G06F119/14","辽宁","518000 广东省深圳市龙华区大浪街道同胜社区华兴路13号智云产业园A栋1104","辽宁","51"
"中国矿业大学","兰州大学","G06F17/18; G06F17/16","甘肃","730000 甘肃省兰州市城关区天水南路222号兰州大学","甘肃","73"
"努比亚技术有限公司","中食安泓(广东)健康产业有限公司","G06F3/01; H04M1/72454; G06F1/16","广东","510000 广东省广州市天河区黄埔大道西163号2501室(部位自编I)(仅限办公)(不可作厂房使用)","广东","51"
"松下知识产权经营株式会社","苹果公司","H04L5/00; H04W72/0453; H04W72/12; H04L47/50; H04W16/14; H04W48/12; H04W74/04","美国","美国加利福尼亚州","美国","美国"
"皇家菲利浦电子有限公司","高通股份有限公司","G06T15/70; G06T13/20; G06T17/00; G06T17/30","荷兰","美国加利福尼亚州","荷兰","美国"
"北京交通大学","中兴通讯股份有限公司","H04L12/751; H04L12/947; H04L12/757; H04L29/12; H04L45/02","北京","518057 广东省深圳市科技南路55号","北京","51"
"烽火通信科技股份有限公司; 武汉长江计算科技有限公司","武汉长江计算科技有限公司; 烽火通信科技股份有限公司","G06F12/02; G06F12/08; G06F12/0871","湖北","430000 湖北省武汉市东湖新技术开发区关东科技园线缆大楼三楼局部","湖北","43"
"诺基亚通信公司","诺基亚技术有限公司","H04L29/06","芬兰","芬兰埃斯波","芬兰","芬兰"
"淮阴工学院","湖北华中电力科技开发有限责任公司","G06F18/241; G06F18/23; G06F18/25; G06N3/0464; G06N3/0442; G06N3/08; G08B17/10; G01D21/02","江苏","430070 湖北省武汉市洪山区珞瑜路546号","江苏","43"
"曲阜师范大学","龙图腾网科技(合肥)股份有限公司","H02N15/00; H02P21/28; H02P21/26; H02P21/00","山东","230000 安徽省合肥市蜀山经济开发区井岗路电商园一期2号楼1楼","山东","23"
"南京邮电大学","上海星地通讯工程研究所","H04L29/06; H04L9/32","江苏","201800 上海市嘉定区工业开发区叶城路1288号","江苏","20"
"平安普惠企业管理有限公司","同方计算机有限公司","G06F9/48","广东","214000 江苏省无锡市锡山经济开发区(东亭)春笋东路118号","广东","21"
"支付宝(杭州)信息技术有限公司","支付宝(杭州)信息技术有限公司; 蚂蚁区块链科技(上海)有限公司","G06Q30/018; G06Q30/0601","浙江","310000 浙江省杭州市西湖区西溪路556号8层B段801-11","浙江","31"
"中山大学","广州视源电子科技股份有限公司","G06T13/80","广东","510530 广东省广州市黄埔区云埔四路6号","广东","51"
"华东交通大学","深圳泓越信息科技有限公司","G06F40/58; G06F40/30; G06F40/211; G06F40/126; G06F16/35; G06F16/332; G06N3/04; G06N3/08","江西","518000 广东省深圳市龙华区大浪街道横朗社区华兴路13号智云产业园A栋1104","江西","51"
"浪潮集团有限公司","山东浪潮创新创业科技有限公司","G06V20/10; G06V10/56; G06V10/82; G06N3/04","山东","250000 山东省济南市中国(山东)自由贸易试验区济南片区浪潮路1036号S02楼","山东","25"
"北京房江湖科技有限公司","贝壳找房(北京)科技有限公司","G06F30/13; G06T7/12; G06T7/62","北京","100085 北京市海淀区西二旗西路2号院35号楼01层102-1","北京","10"
"哈尔滨工业大学","北京天融信网络安全技术有限公司; 北京天融信科技有限公司; 北京天融信软件有限公司","H04L12/18; G06F17/30","黑龙江","100085 北京市海淀区上地东路1号院3号楼四层","黑龙","10"
"王洁","泰州市朗嘉馨网络科技有限公司","G06K9/00; G06K9/44; G06K9/46","江苏","225300 江苏省泰州市海陵区工业园区迎春东路98号1幢601A","江苏","22"
"南方电网数字电网研究院股份有限公司","南方电网数字平台科技(广东)有限公司","G06Q10/063; G06Q50/06","广东","518101 广东省深圳市宝安区西乡街道臣田社区宝田工业区40栋3层","广东","51"
"英特尔公司","乐天株式会社","H04L25/00; H03K19/00; H04L25/02","美国","日本东京都","美国","日本"
"辽宁工程技术大学","山东科技大学","G06Q10/06; G06Q10/00; G06Q50/10; G06K9/62","辽宁","266590 山东省青岛市青岛经济技术开发区前湾港路579号","辽宁","26"
"闽江学院","合肥龙智机电科技有限公司","G06T5/00; G06T5/50; G06T7/11; G06T7/13; G06T7/168; G06T7/194; G06T7/90; G06K9/46","福建","230000 安徽省合肥市蜀山区甘泉路81号沃野花园商办楼B-2704","福建","23"
"上海闻泰电子科技有限公司","上海闻泰信息技术有限公司","G06Q10/08; G06Q50/28; H04M1/725; G06K7/10","上海","200062 上海市普陀区云岭东路89号2111-L室","上海","20"
"西门子公司","西门子公司; 西门子医疗有限公司","G06F19/00; G06T13/20","德国","德国慕尼黑; 德国埃朗根","德国","德国"
"阿里巴巴新加坡控股有限公司","阿里巴巴达摩院(杭州)科技有限公司","G06F16/587; G06F16/54; G06F16/787; G06F16/74; G06V10/44; G06V10/74; G06V10/80","新加坡","浙江省杭州市余杭区五常街道文一西路969号3幢5层516室","新加","浙江"
"清华大学","北京地平线机器人技术研发有限公司","G06T7/00","北京","100080 北京市海淀区中关村大街1号3层318","北京","10"
"江苏大学","常熟市知识产权运营中心有限公司","H02P21/00; H02P27/06","江苏","215500 江苏省苏州市常熟市草荡路13号","江苏","21"
"惠州TCL移动通信有限公司","南方电网互联网服务有限公司","G06F3/01","广东","510699 广东省广州市越秀区东风东路757号大院办公综合楼606-609房","广东","51"
"诺基亚公司","诺基亚技术有限公司","G06K9/62; G06K9/72","芬兰","芬兰埃斯波","芬兰","芬兰"
"阿里云计算有限公司; 阿里巴巴(中国)有限公司","阿里云计算有限公司","G06F16/242; G06F16/27; G06F21/31; G06F21/60","浙江","310030 浙江省杭州市西湖区三墩镇灯彩街1008号云谷园区1-2-A06室","浙江","31"
"华为技术有限公司","陈静","H04L12/24","广东","161300 黑龙江省齐齐哈尔市讷河市通南镇兴安村2组","广东","16"
"国际商业机器公司","高通股份有限公司","H04L12/28; H04L12/46; H04L12/44; H04L12/56","美国","美国加利福尼亚州","美国","美国"
"常州工学院","北京百卓网络技术有限公司","G10L25/30; G10L25/51","江苏","100095 北京市海淀区地锦路5号院3号楼","江苏","10"
"奕力科技股份有限公司; 奕力科技(开曼)股份有限公司","奕力科技(开曼)股份有限公司; 奕力科技股份有限公司","G06F3/044","台湾","开曼群岛大开曼岛西湾路802号芙蓉道宏阁邮政信箱; 中国台湾新竹县竹北市台元二街1号10楼之1","台湾","开曼"
"东北石油大学","合肥九州龙腾科技成果转化有限公司","G06V20/58; G06V10/40; G06V10/80; G06V10/82; G06N3/04","黑龙江","230000 安徽省合肥市蜀山经济开发区井岗路电商园一期2号楼203","黑龙","23"
"NXP股份有限公司","三星电子株式会社","G06F11/10","荷兰","韩国京畿道","荷兰","韩国"
"重庆金融资产交易所有限责任公司","湖北华中电力科技开发有限责任公司","G06F16/33; G06F16/35; G06F40/284","湖北","430070 湖北省武汉市洪山区珞瑜路546号","湖北","43"
"中南大学","合肥智慧龙机械设计有限公司","G06F17/11; G06F17/13; G06F17/15; G06F30/20","湖南","230000 安徽省合肥市蜀山区甘泉路81号沃野花园商办楼B-1018","湖南","23"
"河南大学","深圳市兴海物联科技有限公司","H04L43/04; H04L43/045; H04L67/12; H04L69/04","广东","518000 广东省深圳市福田区福田街道福南社区世贸广场101-1","广东","51"
"武汉飞思灵微电子技术有限公司; 烽火通信科技股份有限公司","烽火通信科技股份有限公司; 武汉飞思灵微电子技术有限公司","H04L1/00; H03M13/15; H04Q11/00","湖北","430000 湖北省武汉市东湖高新技术开发区高新四路6号; 430074 湖北省武汉市东湖开发区关东工业园烽火路光通信大楼产业大楼二楼","湖北","43"
"江苏大学","合肥智慧龙机械设计有限公司","G06Q10/04; G06F17/11","江苏","230000 安徽省合肥市蜀山区甘泉路81号沃野花园商办楼B-1018","江苏","23"
"深圳先进技术研究院","常熟市知识产权运营中心有限公司","G06F19/00; G01W1/00","广东","215500 江苏省苏州市常熟市草荡路13号","广东","21"
"阿尔卡特朗讯公司","北京小米移动软件有限公司","H04L12/18; H04L12/46; H04M7/00; H04M3/56; H04L29/06","法国","北京市海淀区清河中街68号华润五彩城购物中心二期9层01房间","法国","北京"
"中国科学院计算技术研究所","曙光星云信息技术(北京)有限公司","G06T7/00","北京","100088 北京市西城区德胜门外大街13号院合生财富广场4层4K","北京","10"
"北京深鉴智能科技有限公司; 北京深鉴科技有限公司","北京深鉴科技有限公司; 北京深鉴智能科技有限公司","G06N3/08","北京","100083 北京市海淀区王庄路1号院四号楼8层807室; 100083 北京市海淀区王庄路1号院四号楼17层1706号","北京","10"
"索尼公司","汤姆逊许可公司","G06F3/00; G06F9/06; G06F3/14; G06F1/16; G06F3/0362; G06F3/0482","日本","法国伊西莱穆利诺","日本","法国"
"北京邮电大学","新华三技术有限公司","H04L29/08; H04L29/06","北京","310052 浙江省杭州市滨江区长河路466号","北京","31"
"山东浪潮人工智能研究院有限公司","山东浪潮科学研究院有限公司","G06K9/62; G06N3/04; G06T7/11","山东","250100 山东省济南市高新浪潮路1036号S02号楼","山东","25"
"辽宁科技大学","合肥智慧龙机械设计有限公司","G06F30/20; G01N25/20; G06F111/10; G06F113/08; G06F119/08","辽宁","230000 安徽省合肥市蜀山区甘泉路81号沃野花园商办楼B-1018","辽宁","23"
"广西师范大学","广州大鱼创福科技有限公司","G06F11/07","广西","510530 广东省广州市黄埔区科丰路85号801房","广西","51"
"五邑大学","深圳万知达技术转移中心有限公司","G06V40/14; G06V10/25; G06T5/40","广东","518000 广东省深圳市龙华区大浪街道横朗社区华兴路13号智云产业园A栋1003","广东","51"
"重庆理工大学","合肥名龙电子科技有限公司","G06F16/9535; G06F18/214; G06F18/23","重庆","230000 安徽省合肥市蜀山区甘泉路81号沃野花园商办楼B-1015","重庆","23"
"展讯通信(上海)有限公司; 芯鑫融资租赁(北京)有限责任公司; 芯鑫融资租赁(厦门)有限责任公司; 芯鑫融资租赁有限责任公司","芯鑫融资租赁有限责任公司; 展讯通信(上海)有限公司; 芯鑫融资租赁(厦门)有限责任公司; 芯鑫融资租赁(北京)有限责任公司","H04L25/02; H04B1/7105","上海","200127 上海市中国(上海)自由贸易试验区张杨路707号32楼3205F室; 201203 上海市浦东新区中国(上海)自由贸易试验区祖冲之路2288; 201203 上海市浦东新区张江高科技园区祖冲之路2288弄展讯中心1号楼; 361012 福建省厦门市中国(福建)自由贸易试验区厦门片区象屿路97号厦门国际航运中心D栋8层05单元; 100033 北京市西城区金融街乙9号威斯汀行政公寓2062室","上海","20"
"泰州市康平医疗科技有限公司","青岛大学附属医院","G06K9/00; G06K9/44; G06N3/04","山东","266000 山东省青岛市崂山区59号青岛大学附属医院","山东","26"
"广州酷狗计算机科技有限公司; 成都酷狗创业孵化器管理有限公司","成都酷狗创业孵化器管理有限公司; 广州酷狗计算机科技有限公司","H04L29/08; H04L12/26; G06F9/50","广东","610000 四川省成都市中国(四川)自由贸易试验区成都高新区天府大道中段500号1栋41楼4119; 510660 广东省广州市天河区黄埔大道中315号自编1-17","广东","61"
"浙江大学","华为技术有限公司","G06N3/04; G06N3/08; G06N20/00; G06F21/60; G06F21/62","浙江","518129 广东省深圳市龙岗区坂田华为总部办公楼","浙江","51"
"张仁平","郑州航空工业管理学院","G06F3/023","河南","450015 河南省郑州市二七区大学中路2号","河南","45"
"松下电器(美国)知识产权公司","苹果公司","H04L27/36; H04B7/0456; H04L27/26","美国","美国加利福尼亚州","美国","美国"
"电子科技大学中山学院","合肥智慧龙机械设计有限公司","G06T11/60; G06T11/40; G06T7/80; G06T7/62; G06T7/11; G06T5/50; G06T5/00","广东","230000 安徽省合肥市蜀山区甘泉路81号沃野花园商办楼B-1018","广东","23"
"无锡桑尼安科技有限公司","北京交通大学","G06K9/00; G06K9/32","北京","100044 北京市海淀区西直门外上园村3号北京交通大学中国产业安全研究中心博士后科研工作站","北京","10"
"南方电网数字电网研究院有限公司","南方电网数字平台科技(广东)有限公司","G06F16/27","广东","518000 广东省深圳市南山区沙河街道高发社区侨香路智慧广场D栋501、502、601、602","广东","51"
"西门子股份公司","西门子瑞士有限公司","G06F16/25; G06N3/08; G06N20/00","德国","瑞士苏黎世","德国","瑞士"
"无锡桑尼安科技有限公司","吉林大学","G06K9/00","吉林","130000 吉林省长春市前进大街2699号","吉林","13"
"鸿海精密工业股份有限公司; 鸿富锦精密工业(深圳)有限公司","北京智谷技术服务有限公司","H04L12/28; H04L9/32; H04M7/00; H04W12/06; H04W88/02","广东","100085 北京市海淀区小营西路33号1层1F06室","广东","10"
"深圳市腾讯计算机系统有限公司","广州酷狗计算机科技有限公司","G06F3/0485","广东","510000 广东省广州市天河区科韵路16号自编2栋1301房","广东","51"
"阿里巴巴(中国)有限公司","平头哥(上海)半导体技术有限公司","G06F15/173","浙江","200120 上海市浦东新区自由贸易试验区上科路366号、川和路55弄2号5层","浙江","20"
"闽江学院","合肥智慧龙机械设计有限公司","G06V40/16; G06V10/764; G06V10/46; G06V10/82; G06N3/0464; G06N3/0442; G06N3/08","福建","230000 安徽省合肥市蜀山区甘泉路81号沃野花园商办楼B-1018","福建","23"
"山东爱城市网信息技术有限公司","浪潮卓数大数据产业发展有限公司","G06F21/32; G06F7/58; H04L9/06; H04L9/08","江苏","214002 江苏省无锡市无锡经济开发区金融一街15号1101、1102、1103、1104、1105、1106、1107、1108","江苏","21"
"齐齐哈尔大学","东北石油大学","G06F19/00","黑龙江","163318 黑龙江省大庆市高新技术产业开发区发展路199号","黑龙","16"
"国际商业机器公司","纬创资通股份有限公司","G06F15/00; G06F12/00; G06F13/00; G06F17/21; G06F17/30","美国",NA,"美国","Unknown"
"温州大学","陕西师范大学","G06K19/06; G06K7/14; G06F21/60; G06F21/62; G06Q10/04","浙江","710000 陕西省西安市雁塔区长延堡办长安南路东侧","浙江","71"
"努比亚技术有限公司","重庆葵海数字科技有限公司","G06F21/36; G06F21/84; G06F3/04847; G06F3/0488; G06Q20/32","重庆","400000 重庆市江北区港城东路8号5幢4-4","重庆","40"
"深圳传音控股股份有限公司","诺基亚技术有限公司","H04L1/18","广东","芬兰埃斯波","广东","芬兰"
"芯鑫融资租赁(北京)有限责任公司; 展讯通信(上海)有限公司; 芯鑫融资租赁有限责任公司; 芯鑫融资租赁(厦门)有限责任公司","展讯通信(上海)有限公司; 芯鑫融资租赁(厦门)有限责任公司; 芯鑫融资租赁有限责任公司; 芯鑫融资租赁(北京)有限责任公司","H04L25/02; H04L27/26","上海","201203 上海市浦东新区中国(上海)自由贸易试验区祖冲之路2288; 361012 福建省厦门市中国(福建)自由贸易试验区厦门片区象屿路97号厦门国际航运中心D栋8层05单元; 200127 中国(上海)自由贸易试验区张杨路707号32楼3205F室; 100033 北京市西城区金融街乙9号威斯汀行政公寓2062室; 201203 上海市浦东新区张江高科技园区祖冲之路2288弄展讯中心1号楼","上海","20"
"闽江学院","龙图腾网科技(合肥)股份有限公司","G06Q10/04; G06Q10/08; G06N3/12","福建","230000 安徽省合肥市蜀山经济开发区井岗路电商园一期2号楼1楼","福建","23"
"西门子工业公司","西门子股份公司","G06F15/16; G06F9/45; G06F12/00; G06F17/00; G05B19/05; G06F9/445","美国","德国慕尼黑","美国","德国"
"南通大学","深圳泓越信息科技有限公司","G06F40/295; G06F16/35; G06N3/04","江苏","518000 广东省深圳市龙华区大浪街道横朗社区华兴路13号智云产业园A栋1104","江苏","51"
"贝壳找房(北京)科技有限公司","北京房江湖科技有限公司","G06F16/958; G06F8/61","北京","101309 北京市顺义区杨镇二街村农场路62号24室","北京","10"
"努比亚技术有限公司","爱云保(上海)科技有限公司","G06F9/451; G06F16/51","上海","200050 上海市长宁区娄山关路500号7-59室","上海","20"
"郑州云海信息技术有限公司","浪潮(北京)电子信息产业有限公司","G06F9/48; G06F9/52","北京","100085 北京市海淀区上地信息路2号2-1号C栋1层","北京","10"
"北华航天工业学院","深圳万知达科技有限公司","G06F18/2431; G06F18/241; G06N3/042; G06N3/045; G06N3/0475; G06N3/094; G06F18/213","河北","518000 广东省深圳市龙华区大浪街道横朗社区华兴路13号智云产业园A栋1002","河北","51"
"王梅","爱云保(上海)科技有限公司","G06F3/06; G06F16/17; G06F21/78","上海","200051 上海市长宁区娄山关路500号7-59室","上海","20"
"重庆大学","湖北华中电力科技开发有限责任公司","G06F16/9536; G06F16/9538; G06F16/955; G06F40/284; G06N3/04; G06N3/08","重庆","430000 湖北省武汉市洪山区珞瑜路546号","重庆","43"
"北京明略软件系统有限公司","上海明胜品智人工智能科技有限公司","G06T7/246; G06T7/73; H04N7/18","北京","200232 上海市徐汇区云锦路701号西岸人工智能中心32层","北京","20"
"西安理工大学","合肥净龙环保科技有限公司","G06T9/00","陕西","230000 安徽省合肥市蜀山区甘泉路81号沃野花园商办楼B-1017","陕西","23"
"中国科学院遥感与数字地球研究所","中国科学院空天信息创新研究院","G06Q50/26","北京","100080 北京市海淀区北四环西路19号","北京","10"
"重庆智韬信息技术中心","福建爱特点信息科技有限公司","H04L29/06; G06Q20/40; G06Q20/42","福建","350000 福建省福州市马尾区湖里路27号1#楼2-45F室(自贸试验区内)","福建","35"
"杭州电子科技大学","芽米科技(广州)有限公司","G06Q10/0631; G06Q10/047; G16H40/20; G06N5/01","浙江","510530 广东省广州市黄埔区科丰路85号801房","浙江","51"
"阿里巴巴(中国)有限公司; 优酷网络技术(北京)有限公司","阿里云计算有限公司; 阿里巴巴(中国)有限公司","G06F17/30","北京","310024 浙江省杭州市西湖区转塘科技经济区块16号8幢; 310052 浙江省杭州市滨江区长河街道网商路699号4号楼5楼508室","北京","31"
"诺基亚公司; 诺基亚(中国)投资有限公司","诺基亚技术有限公司; 诺基亚公司","G06F3/023; H04M1/23; G06F3/00; G06F3/01; G06F17/21; G06F17/22","北京","芬兰埃斯波","北京","芬兰"
"陕西科技大学","深圳万知达科技有限公司","G06K9/00; G06F21/31; G06F21/60","陕西","518000 广东省深圳市龙华区大浪街道横朗社区华兴路13号智云产业园A栋1002","陕西","51"
"深圳市宇恒互动科技开发有限公司","深圳荞漾人工智能集团有限公司","G06F3/01; G06F17/30","广东","518000 广东省深圳市南山区粤海街道麻岭社区麻雀岭工业区9栋华富洋供应链大厦B022","广东","51"
"鲁东大学","合肥名龙电子科技有限公司","G06T1/00","山东","230000 安徽省合肥市蜀山区甘泉路81号沃野花园商办楼B-1015","山东","23"
"北京市商汤科技开发有限公司","深圳市商汤科技有限公司","G06K9/66; G06V10/764","北京","518000 广东省深圳市前海深港合作区前湾一路1号A栋201室","北京","51"
"哈尔滨理工大学","常州工学院","G06F3/01; G02B27/00; A61B3/113; A61B3/14","江苏","213031 江苏省常州市新北区辽河路666号","江苏","21"
"皇家飞利浦电子股份有限公司","高通股份有限公司","G06T9/00; H04N7/26","美国","美国加利福尼亚州","美国","美国"
"四川九成信息技术有限公司","成都鼎智汇科技有限公司","G06F9/44","四川","610041 四川省成都市高新区天府大道中段1388号1栋7层772号","四川","61"
"广东工业大学","深圳泓越企业管理咨询有限公司","G06F9/455; G06F9/50","广东","518000 广东省深圳市龙华区大浪街道横朗社区华兴路13号智云产业园A栋1104","广东","51"
"奇智软件(北京)有限公司","北京奇安信科技有限公司","H04L29/06; H04L29/08","北京","100016 北京市朝阳区酒仙桥路甲10号3号楼15层17层1701-26","北京","10"
"武汉轻工大学","合肥智慧龙机械设计有限公司","G06Q10/0639; G06Q50/04","湖北","230000 安徽省合肥市蜀山区甘泉路81号沃野花园商办楼B-1018","湖北","23"
"山东师范大学","芽米科技(广州)有限公司","G06F16/9535; G06N3/0455; G06N3/048; G06N3/08; G06Q10/0639; G06Q50/20","山东","510530 广东省广州市黄埔区科丰路85号801房","山东","51"
"北京工业大学","江苏博智软件科技股份有限公司","G06N3/12; G06Q50/00","北京","210000 江苏省南京市雨花台区软件大道168号3栋5层","北京","21"
"上海朗帛通信技术有限公司","荣耀终端有限公司","H04L5/00","上海","518040 广东省深圳市福田区香蜜湖街道红荔西路8089号深业中城6号楼A单元3401","上海","51"
"天津师范大学","合肥名龙电子科技有限公司","G06T7/00; G06N3/04","天津","230000 安徽省合肥市蜀山区甘泉路81号沃野花园商办楼B-1015","天津","23"
"杭州电子科技大学","深圳万知达技术转移中心有限公司","G06F30/33; G06F115/04","浙江","518000 广东省深圳市龙华区大浪街道横朗社区华兴路13号智云产业园A栋1003","浙江","51"
"艾利森电话股份有限公司","OPPO广东移动通信有限公司","H04L1/18","瑞典","广东省东莞市长安镇乌沙海滨路18号","瑞典","广东"
"国际商业机器公司","联想(新加坡)私人有限公司","G06F9/06; G06F9/48; G06F9/46; G06F13/24; G06F15/78","美国",NA,"美国","Unknown"
"北京奇虎科技有限公司; 奇智软件(北京)有限公司","北京奇虎科技有限公司","G06F17/30","北京","100015 北京市朝阳区酒仙桥路6号院2号楼1至19层104号内8层801","北京","10"
"LG电子株式会社","知识产权之桥一号有限责任公司","H04L5/00","韩国","日本东京都","韩国","日本"
"江苏科技大学","合肥智慧龙机械设计有限公司","G06F11/22","江苏","230000 安徽省合肥市蜀山区甘泉路81号沃野花园商办楼B-1018","江苏","23"
"成都亚度克升科技有限公司","湖北华中电力科技开发有限责任公司","G06F16/783; G06F16/735; G06F40/30; G06N3/044; G06N3/0464; G06N3/0499; G06N3/08","四川","430000 湖北省武汉市洪山区珞瑜路546号","四川","43"
"山东浪潮人工智能研究院有限公司","浪潮集团有限公司","G06F1/02","山东","250100 山东省济南市高新区浪潮路1036号","山东","25"
"山东汇贸电子口岸有限公司","上海浪潮云计算服务有限公司","H04L29/06; H04L29/08; H04L12/24","上海","200436 上海市闸北区江场三路238号411室","上海","20"
"华中科技大学","中天宽带技术有限公司","H04L27/36; H04L27/20; H04B10/556; H04B10/50; H04B10/54","湖北","226400 江苏省南通市如东县河口镇中天工业园区","湖北","22"
"浪潮集团有限公司","山东浪潮人工智能研究院有限公司","G06F17/50","山东","250100 山东省济南市高新区浪潮路1036号浪潮科技园S05楼北六层","山东","25"
"黑龙江大学","江苏派智信息科技有限公司","G06F16/9536; G06Q50/00","江苏","212001 江苏省镇江市高新区南徐大道298号睿泰产业园C座7楼","江苏","21"
"王梅","上海豹云网络信息服务有限公司","G06F16/174","上海","200000 上海市长宁区茅台路179号一层L227X室","上海","20"
"北京科技大学","中咨数据有限公司; 中国公路工程咨询集团有限公司","G06F11/36; G06F21/57; G06N3/08; G06N3/04","北京","100089 北京市海淀区紫竹院路116号8层A座908","北京","10"
"浪潮软件集团有限公司","浪潮软件科技有限公司","G06Q40/00; G06F17/30; H04L29/06","山东","250100 山东省济南市高新区浪潮路1036号浪潮科技园","山东","25"
"华南理工大学","中国电力科学研究院有限公司","G06Q10/04; G06N3/04; G06N3/08","北京","100192 北京市海淀区清河小营东路15号","北京","10"
"西门子公司","因芬尼昂技术股份公司","G06K19/07; G06K7/08; G06K7/00; G06K7/10; H04L27/06","德国",NA,"德国","Unknown"
"浙江理工大学","合肥名龙电子科技有限公司","G06T7/00; G06T7/136","浙江","230000 安徽省合肥市蜀山区甘泉路81号沃野花园商办楼B-1015","浙江","23"
"浙江理工大学","和宇健康科技股份有限公司","G06F11/36","浙江","510627 广东省广州市天河区海安路13号之一2003、1801、1804房","浙江","51"
"浙江工业大学","湖州优研知识产权服务有限公司","G06F21/16","浙江","313000 浙江省湖州市南浔区南浔镇朝阳路666号南浔科技创业园一层1020室","浙江","31"
"淮阴工学院","深圳泓越企业管理咨询有限公司","G06F30/27; G06N3/006; G06N3/0442; G06N3/048; G06N3/0985","江苏","518000 广东省深圳市龙华区大浪街道横朗社区华兴路13号智云产业园A栋1104","江苏","51"
"烽火通信科技股份有限公司; 武汉飞思灵微电子技术有限公司","武汉飞思灵微电子技术有限公司; 烽火通信科技股份有限公司","H04L29/06; H04L1/00","湖北","430074 湖北省武汉市东湖开发区关东科技园东信路5号; 430000 湖北省武汉市东湖高新技术开发区高新四路6号","湖北","43"
"华为技术有限公司","荣耀终端有限公司","G06F12/02","广东","518040 广东省深圳市福田区香蜜湖街道东海社区红荔西路8089号深业中城6号楼A单元3401","广东","51"
"电子科技大学中山学院","广州大鱼创福科技有限公司","G06F30/13; G06N3/08","广东","510530 广东省广州市黄埔区科丰路85号801房","广东","51"
"威创集团股份有限公司","武汉安辰鑫信息科技有限公司","G06F3/038; G06F3/0481; G06F3/14","广东","430000 湖北省武汉市东湖新技术开发区光谷大道58号关南福星医药园1栋27层05室(自贸区武汉片区)","广东","43"
"华南师范大学","常熟市知识产权运营中心有限公司","H01L21/205; H01L29/778","广东","215500 江苏省苏州市常熟市草荡路13号","广东","21"
"西门子(中国)有限公司","西门子股份公司","G06F16/00","北京","德国慕尼黑","北京","德国"
"江苏科技大学","江苏博智软件科技股份有限公司","G06F21/50; G06F21/30; G06F21/60","江苏","210012 江苏省南京市雨花台区软件大道168号3栋5层","江苏","21"
"中国电力科学研究院有限公司","中国电力科学研究院有限公司; 国家电网有限公司","G06Q10/0631; G06Q50/06; G06Q10/0639","北京","100192 北京市海淀区清河小营东路15号","北京","10"
"杨明","安徽大学","H05B33/08; H05B44/00","安徽","230601 安徽省合肥市经济技术开发区九龙路111号安徽大学","安徽","23"
"武汉斗鱼网络科技有限公司","同方计算机有限公司","G06F21/12; G06F21/60; G06F21/64","湖北","214000 江苏省无锡市锡山经济开发区(东亭)春笋东路118号","湖北","21"
"陕西师范大学","中科柏诚科技(北京)股份有限公司","H04L67/1097; H04L9/08; H04L9/32; H04L9/40; G06F21/64; H04L1/00","北京","101300 北京市顺义区高丽营镇文化营村北(临空二路1号)","北京","10"
"盐城工学院","龙图腾网科技(合肥)股份有限公司","G01R27/02","江苏","230000 安徽省合肥市蜀山经济开发区井岗路电商园一期2号楼1楼","江苏","23"
"上海交通大学","广东电网有限责任公司广州供电局","G06Q10/04; G06Q10/06; G06Q50/06","广东","510000 广东省广州市天河区天河南二路2号","广东","51"
"哈尔滨理工大学","重庆理工大学","G06F30/23; G06F119/08; G06F119/14","重庆","401320 重庆市巴南区红光大道69号","重庆","40"
"杨娟","上海领甲数据科技有限公司","G06K9/00; B64D47/08","上海","200050 上海市长宁区长宁路1661弄20号204室","上海","20"
"广州供电局有限公司; 广州科腾信息技术有限公司","广东电网有限责任公司广州供电局; 广州供电局有限公司","H04L29/08; H04N7/18; G06Q10/10; H04W84/18","广东","510620 广东省广州市天河区天河南二路2号; 510000 广东省广州市天河区天河南二路2号","广东","51"
"南方电网数字电网研究院有限公司","南方电网数字电网科技(广东)有限公司","H04L29/06; H04L29/08; H04B3/54","广东","510700 广东省广州市黄埔区光谱中路11号2栋3单元14层全层","广东","51"
"鸿富锦精密工业(深圳)有限公司; 鸿海精密工业股份有限公司","国网上海市电力公司","G06F3/023; G06F3/02; G06F3/0354; H04M1/00","广东","200002 上海市南京东路181号","广东","20"
"北京拓思德科技有限公司; 北京奇禄管理咨询有限公司; 田雪松","北京奇禄管理咨询有限公司; 北京拓思德科技有限公司; 田雪松","G06F3/0354; G06F3/038","北京","100044 北京市海淀区中关村大街18号8层04-758; 100083 北京市海淀区花园东路10号高德大厦十一层1108号; 100029 北京市朝阳区北辰西路69号峻峰华亭D座1012; 100098 北京市海淀区北三环西路甲18号院2号楼803-3","北京","10"
"北京奇禄管理咨询有限公司; 北京拓思德科技有限公司; 田雪松","北京拓思德科技有限公司; 北京奇禄管理咨询有限公司; 田雪松","G06F3/0354; G06F3/038","北京","100083 北京市海淀区花园东路10号高德大厦十一层1108号; 100044 北京市海淀区中关村大街18号8层04-758; 100098 北京市海淀区北三环西路甲18号院2号楼803-3; 100029 北京市朝阳区北辰西路69号峻峰华亭D座1012","北京","10"
"成都酷狗创业孵化器管理有限公司; 广州酷狗计算机科技有限公司","广州酷狗计算机科技有限公司; 成都酷狗创业孵化器管理有限公司","H04N21/2187; H04N21/239; H04N21/254; H04N21/262; H04N21/442; H04N21/4627; H04N21/466; H04N21/81; G06F16/635; G06F16/9535","四川","510660 广东省广州市天河区黄埔大道中315号自编1-17; 610000 四川省成都市中国(四川)自由贸易试验区成都高新区天府大道中段500号1栋41楼4119","四川","51"
"江南大学","湖州优研知识产权服务有限公司","G06K9/62; G06K9/46; G06K9/40","江苏","313000 浙江省湖州市南浔区南浔镇朝阳路666号南浔科技创业园一层1020室","江苏","31"
"LG电子株式会社","汤姆逊许可公司","H04L1/00; H04B7/08","韩国","法国伊西莱穆利欧市","韩国","法国"
"石家庄铁道大学","合肥九州龙腾科技成果转化有限公司","G06T5/00; G06T5/40; G06T7/00; G06T7/11; G06T7/136","河北","230000 安徽省合肥市蜀山经济开发区井岗路电商园一期2号楼203","河北","23"
"江苏海洋大学","合肥智慧龙机械设计有限公司","G06F30/23; G06F30/13; G06F30/12","江苏","230000 安徽省合肥市蜀山区甘泉路81号沃野花园商办楼B-1018","江苏","23"
"安华高科技通用IP(新加坡)公司","安华高科技股份有限公司","H04L12/933","新加坡","新加坡新加坡市","新加","新加"
"TCL通讯(宁波)有限公司","TCL移动通信科技(宁波)有限公司","G06F9/45; G06F9/44","浙江","315100 浙江省宁波市高新区扬帆路999弄5号10楼","浙江","31"
"重庆邮电大学","湖北华中电力科技开发有限责任公司","G06F16/13","重庆","430070 湖北省武汉市洪山区珞瑜路546号","重庆","43"
"杨娟","无锡臻永科技有限公司","G06K9/00; G06K9/40; H04N7/18; B08B3/02; G05B19/042","江苏","214000 江苏省无锡市梁溪区南湖大道855号801-02室","江苏","21"
"上海云从企业发展有限公司","四川云从天府人工智能科技有限公司","G06K9/00","上海","610000 四川省成都市中国(四川)自由贸易试验区成都天府新区煎茶街道菁蓉南三街99号","上海","61"
"太原理工大学","广东工业大学","G06F7/58","山西","510060 广东省广州市东风东路729号","山西","51"
"南昌欧菲光科技有限公司","南昌虚拟现实研究院股份有限公司","G06F3/044","江西","330000 江西省南昌市红谷滩新区会展路545号红谷城投大厦1408室","江西","33"
"长安大学","中咨数据有限公司; 中国公路工程咨询集团有限公司","G06K9/00; G06K9/34; G06K9/38; G06K9/40; G06T7/187; G06T7/90","陕西","100089 北京市海淀区紫竹院路116号8层A座908","陕西","10"
"中国科学院地理科学与资源研究所","昆明理工大学","G06F17/18","云南","650000 云南省昆明市一二一大街文昌路68号","云南","65"
"阿里巴巴集团控股有限公司","平头哥(上海)半导体技术有限公司","G06N3/082; G06N3/0464","上海","上海市浦东新区自由贸易试验区上科路366号、川和路55弄2号5层","上海","上海"
"国电南瑞科技股份有限公司","国电南瑞科技股份有限公司; 南瑞集团有限公司","H04L9/40","江苏","211106 江苏省南京市江宁经济技术开发区诚信大道19号2幢","江苏","21"
"南通大学","合肥名龙电子科技有限公司","G06F17/10; G06Q10/04; G06Q50/06","江苏","230000 安徽省合肥市蜀山区甘泉路81号沃野花园商办楼B-1015","江苏","23"
"深圳汇通智能化科技有限公司","上海工业控制安全创新科技有限公司","G07C5/08; G06N3/04; G06N3/08","上海","200000 上海市普陀区云岭西路600弄6号901室","上海","20"
"浙江工商大学","深圳万知达科技有限公司","H04L1/00; H04L1/16","浙江","518000 广东省深圳市龙华区大浪街道横朗社区华兴路13号智云产业园A栋1002","浙江","51"
"深圳天珑无线科技有限公司","天聚地合(苏州)数据股份有限公司","G06F3/0482; G06F3/0488","江苏","215000 江苏省苏州市苏州工业园区启月街288号紫金东方大厦307室","江苏","21"
"南阳理工学院","上海电子信息职业技术学院","G06F3/01; G09B5/06","上海","201411 上海市奉贤区奉城镇瓦洪公路3098号","上海","20"
"阿尔卡特朗讯公司","高通股份有限公司","H04L12/28; H04L12/24; H04L12/18; H04L29/06; H04L12/46","法国","美国加利福尼亚州","法国","美国"
"赛普拉斯半导体公司","株式会社和冠","G06F3/041; G06F3/044","日本","日本埼玉县","日本","日本"
"秒针信息技术有限公司","上海明略人工智能(集团)有限公司","G06F17/30; G06F11/34; G06F21/55; H04L12/26","北京","200232 上海市徐汇区云锦路701号29、30、31、32层","北京","20"
"云南大学","龙图腾网科技(合肥)股份有限公司","G16C20/30; G16C20/50; G16C20/70; G16C60/00; G06N3/04; G06N3/08; G06N20/10; G06N20/20","云南","230000 安徽省合肥市蜀山经济开发区井岗路电商园一期2号楼1楼","云南","23"
"努比亚技术有限公司","北京神州数码云科信息技术有限公司","G06F9/455; G06F9/50","北京","100000 北京市海淀区上地九街9号3层301号","北京","10"
"中兴通讯股份有限公司","北京百卓网络技术有限公司","H04L29/06","北京","100095 北京市海淀区中关村环保园地锦路5号院3号楼百卓大厦","北京","10"
"青海大学","合肥九州龙腾科技成果转化有限公司","G01K11/20; C09K11/80; C09K11/77","青海","230000 安徽省合肥市蜀山经济开发区井岗路电商园一期2号楼203","青海","23"
"支付宝(杭州)信息技术有限公司","蚂蚁区块链科技(上海)有限公司","G06F21/60; G06F21/62","上海","200025 上海市黄浦区黄陂南路838弄1号4幢A座20层(实际楼层17层)02单元","上海","20"
"国际商业机器公司","现代自动车株式会社; 起亚株式会社","G06F21/60; G06F16/33","韩国","韩国首尔","韩国","韩国"
"太仓红码软件技术有限公司","金润方舟科技股份有限公司","H04L29/06","西藏","850030 西藏自治区拉萨市柳梧新区察古大道浙商国际3幢1单元13-14层1房号","西藏","85"
"国电南瑞科技股份有限公司","国电南瑞科技股份有限公司; 国电南瑞南京控制系统有限公司","G06F17/00; F03D7/00","江苏","210061 江苏省南京市高新技术开发区高新路20号","江苏","21"
"美国博通公司","恩智浦美国有限公司","G06K19/067; G06K7/00","美国","美国德克萨斯州","美国","美国"
"南京晓庄学院","南京硅基智能科技有限公司","G06K9/34; G06F17/21","江苏","210000 江苏省南京市雨花台区西春路1号北楼2层238室","江苏","21"
"北京中电普华信息技术有限公司","北京中电普华信息技术有限公司; 国家电网公司","H04L12/58; H04L29/12; H04L29/06","北京","100192 北京市海淀区清河小营东路15号科研楼710室","北京","10"
"重庆金融资产交易所有限责任公司","广州宾聚科技有限公司","G06F21/64","重庆","510640 广东省广州市天河区科华街1号301至353室E162房(仅限办公)","重庆","51"
"西南交通大学","龙图腾网科技(合肥)股份有限公司","G06Q10/06; G06F17/16; G01N30/02; G01R31/12","四川","230000 安徽省合肥市蜀山经济开发区井岗路电商园一期2号楼1楼","四川","23"
"沈阳航空航天大学","龙图腾网科技(合肥)股份有限公司","H04L9/40","辽宁","230000 安徽省合肥市蜀山经济开发区井岗路电商园一期2号楼1楼","辽宁","23"
"盛趣信息技术(上海)有限公司; 盛大计算机(上海)有限公司","盛乐信息技术(上海)有限公司","G06F3/033; G06F3/038; G06F3/0354","上海","上海市浦东新区郭守敬路356号, 邮编 : 201203","上海","上海"
"LSI公司","安华高科技通用IP(新加坡)公司","G06F13/28","美国","新加坡新加坡市","美国","新加"
"天地伟业技术有限公司","天津天地伟业信息系统集成有限公司; 天地伟业技术有限公司","G06F8/654","天津","300392 天津市西青区华苑产业区(环外)海泰华科二路8号4号楼A310室","天津","30"
"芯鑫融资租赁(北京)有限责任公司; 展讯通信(上海)有限公司; 芯鑫融资租赁(厦门)有限责任公司; 芯鑫融资租赁有限责任公司","展讯通信(上海)有限公司; 芯鑫融资租赁(厦门)有限责任公司; 芯鑫融资租赁(北京)有限责任公司; 芯鑫融资租赁有限责任公司","H04L27/26","上海","201203 上海市浦东新区中国(上海)自由贸易试验区祖冲之路2288; 361012 福建省厦门市中国(福建)自由贸易试验区厦门片区象屿路97号厦门国际航运中心D栋8层05单元; 201203 上海市浦东新区张江高科技园区祖冲之路2288弄展讯中心1号楼; 100033 北京市西城区金融街乙9号威斯汀行政公寓2062室; 200127 中国(上海)自由贸易试验区张杨路707号32楼3205F室","上海","20"
"北京星网锐捷网络技术有限公司","北京智谷技术服务有限公司","H04L12/56; H04L29/02; H04L12/865; H04L47/6275","北京","100085 北京市海淀区小营西路33号1层1F06室","北京","10"
"皇家飞利浦有限公司","华为技术有限公司","G06F17/28; G06F17/27","荷兰","广东省深圳市龙岗区坂田华为总部办公楼","荷兰","广东"
"浙江理工大学","合肥智慧龙机械设计有限公司","G06K9/62; G06T7/00; G01N21/88","浙江","230000 安徽省合肥市蜀山区甘泉路81号沃野花园商办楼B-1018","浙江","23"
"湘潭大学","合肥名龙电子科技有限公司","G06F30/28; G06F111/10; G06F119/08; G06F119/14","湖南","230000 安徽省合肥市蜀山区甘泉路81号沃野花园商办楼B-1015","湖南","23"
"刘勇勇","深圳市快读科技有限公司","G06F1/20; B08B1/00; B08B15/04","浙江","518000 广东省深圳市南山区粤海街道高新南六道16号泰邦科技大厦5楼506","浙江","51"
"金陵科技学院","芜湖中浦智能装备有限公司","G06F1/16","江苏","241000 安徽省芜湖市经济技术开发区万春街道纬二次路36号","江苏","24"
"黄燕云","福建爱特点信息科技有限公司","G06K19/06; G06K7/10","福建","350000 福建省福州市马尾区湖里路27号1#2-45F室(自贸试验区内)","福建","35"
"四川斐讯信息技术有限公司; 上海斐讯数据通信技术有限公司; 杭州吉吉知识产权运营有限公司","上海斐讯数据通信技术有限公司; 杭州吉吉知识产权运营有限公司; 湖州帷幄知识产权运营有限公司","G06T7/70; G06T7/194","浙江","201616 上海市松江区思贤路3666号; 310000 浙江省杭州市滨江区西兴街道江淑路260号10242室; 313000 浙江省湖州市吴兴区爱山街道新天地商务写字楼1019室","浙江","20"
"OPPO广东移动通信有限公司","广州鼎航信息技术服务有限公司","G06F3/0481","广东","510000 广东省广州市南沙区丰泽东路106号","广东","51"
"深圳大学","上海电机学院","G06V20/00; G06V10/82; G06V10/774; G06V10/30; G06N3/04; G06N3/08","广东","200120 上海市浦东新区水华路300号","广东","20"
"惠普发展公司, 有限责任合伙企业","慧与发展有限责任合伙企业","G06F13/14; G06F13/38","美国","美国德克萨斯州","美国","美国"
"华为技术有限公司","OPPO广东移动通信有限公司","H04L5/00; H04W28/24","广东","523860 广东省东莞市长安镇乌沙海滨路18号","广东","52"
"北京百度网讯科技有限公司","广州鼎航信息技术服务有限公司","G06V40/16; G06V10/74; G06V10/774","广东","510000 广东省广州市南沙区丰泽东路106号","广东","51"
"纽昂斯通讯公司","微软技术许可有限责任公司","G10L15/30","美国","美国华盛顿州","美国","美国"
"泰州市康平医疗科技有限公司","六安同辉智能科技有限公司","G06K9/62; G06K9/46; G06K9/52; A47B61/00","安徽","237000 安徽省六安市六安经济技术开发区新加坡御苑12号楼105室","安徽","23"
"惠州TCL移动通信有限公司","佛山市润千宇知识产权服务有限公司","G06F21/31","广东","528000 广东省佛山市禅城区祖庙街道福宁路213号一座写字楼2103室G001","广东","52"
"北京拓思德科技有限公司; 田雪松","田雪松; 北京拓思德科技有限公司; 北京奇禄管理咨询有限公司","G06F16/22; G06F16/23; G06Q50/20; H04L29/06","北京","100012 北京市朝阳区北苑家园绣菊园5楼4单元701号; 100083 北京市海淀区花园东路10号高德大厦十一层1108号; 100044 北京市海淀区中关村大街18号8层04-758","北京","10"
"东北大学","北京理工大学","G06F17/30","辽宁","100081 北京市海淀区中关村南大街5号","辽宁","10"
"出门问问信息科技有限公司","北京羽扇智信息科技有限公司","G06F40/289; G06F40/242; G06F40/216","北京","100000 北京市海淀区高粱桥斜街42号院1号楼-1层-101","北京","10"
"西南科技大学","西南交通大学","G06Q10/06","四川","611756 四川省成都市高新区西部园区西南交通大学","四川","61"
"杭州电子科技大学","深圳万知达科技有限公司","H04L12/727; H04W4/80; H04W4/38; H04W24/02; H04W40/12; H04W40/18; H04W40/24; H04L12/751; H04L45/121; H04L45/02","浙江","518000 广东省深圳市龙华区大浪街道横朗社区华兴路13号智云产业园A栋1002","浙江","51"
"卡西欧计算机株式会社","北京小米移动软件有限公司","G06F17/30; H04N1/21; G06T1/00; G06F12/00; G06T11/60; H04N5/225; H04N5/76; H04N5/907; H04N5/91; H04N101/00","日本","100080 北京市海淀区清河中街68号华润五彩城购物中心二期9层01房间","日本","10"
"诺基亚技术有限公司","起源资产集团有限责任公司","G06F1/32; H04W4/80; H04W76/18","芬兰","美国纽约州","芬兰","美国"
"河南城建学院","广州大鱼创福科技有限公司","G06Q30/02; G06F16/25; G06F16/951; G06F21/60; G06F9/451","河南","510530 广东省广州市黄埔区科丰路85号801房","河南","51"
"陈龙","浙江清客云网络科技有限公司","G06F1/16","广东","322100 浙江省金华市东阳市江北街道猴塘社区广福东街23号总部中心G区B幢西座2102室","广东","32"
"LG电子株式会社","高通股份有限公司","H04L1/00; H04L5/00; H04W72/14","韩国","美国加利福尼亚","韩国","美国"
"重庆大学","罗普特(厦门)科技集团有限公司","G06K9/46; G06K9/66","重庆","361100 福建省厦门市翔安区厦门火炬高新区(翔安)产业区翔岳路69号东南三层","重庆","36"
"惠州TCL移动通信有限公司","深圳传音控股股份有限公司","G06F9/445; H04M1/725; H04M1/72448","广东","518057 广东省深圳市南山区粤海街道深南大道9789号德赛科技大厦标识层17层(自然层15层)1702-1703号","广东","51"
"歌尔股份有限公司","歌尔光学科技有限公司","G06T7/00; G06T7/70; H04N5/247; H04N23/90","山东","261031 山东省潍坊市高新区东明路以东玉清街以北(歌尔电子办公楼502室)","山东","26"
"重庆邮电大学","南方电网互联网服务有限公司","G06F40/289; G06F16/33","重庆","510000 广东省广州市越秀区东风东路757号大院办公综合楼606-609房(不可作厂房使用)","重庆","51"
"重庆大学","山东科技大学","G06F30/20; G06F119/14","重庆","266590 山东省青岛市黄岛区前湾港路579号","重庆","26"
"阿里巴巴集团控股有限公司","创新先进技术有限公司","H04L9/32","开曼群岛","开曼群岛大开曼岛西湾路802号木槿街大展览馆31119号邮箱","开曼","开曼"
"松下电器产业株式会社","松下知识产权经营株式会社","G06F12/00; G06F13/16; G06F13/36","日本","日本国大阪府","日本","日本"
"歌尔光学科技有限公司","歌尔股份有限公司","G06F3/01; G06F3/0487; G06F21/32; G06T17/00","山东","261031 山东省潍坊市高新技术产业开发区东方路268号","山东","26"
"河南大学","南方电网互联网服务有限公司","H04L9/32; H04L9/06; H04L29/08","河南","510062 广东省广州市越秀区东风东路757号大院办公综合楼606-609房","河南","51"
"中国地质大学(北京)","中国石油大学(华东)","G06F17/50; G06T17/05","山东","266580 山东省青岛市黄岛区长江西路66号","山东","26"
"苏州天鸣信息科技有限公司","广东高航知识产权运营有限公司","G06F3/0487","江苏","510640 广东省广州市天河区五山路中公教育大厦371-1号2401单元","江苏","51"
"北京邮电大学","北京智谷技术服务有限公司","H04L29/08","北京","100085 北京市海淀区小营西路33号1层1F06室","北京","10"
"重庆邮电大学","北京东土科技股份有限公司","H04L29/06","重庆","100000 北京市石景山区实兴大街30号院2号楼8层901","重庆","10"
"浪潮软件集团有限公司","浪潮云信息技术股份公司","G06F16/11; G06F16/182; G06F11/14","山东","250100 山东省济南市高新区浪潮路1036号浪潮科技园S01号楼","山东","25"
"美国西门子医疗解决公司","西门子保健有限责任公司","A61B5/0402; A61B19/00; G06F19/00","美国","德国埃朗根市","美国","德国"
"哈尔滨理工大学","黑龙江科技大学","G06T7/40","黑龙江","150022 黑龙江省哈尔滨市松北区浦源路2468号","黑龙","15"
"郑州航空工业管理学院","合肥智慧龙机械设计有限公司","G06F1/20; G06F1/18; B01D46/10; B08B17/02; B08B17/04","河南","230000 安徽省合肥市蜀山区甘泉路81号沃野花园商办楼B-1018","河南","23"
"厦门美图移动科技有限公司","芜湖中浦智能装备有限公司","G06F11/36","福建","241000 安徽省芜湖市芜湖经济技术开发区万春街道纬二次路36号","福建","24"
"樊馨","江苏永鼎通信有限公司","G06Q30/06; G06Q30/02; G06Q10/08","江苏","215212 江苏省苏州市吴江区黎里镇越秀路888号","江苏","21"
"努比亚技术有限公司","憨猴科技集团有限公司","G06F11/07; G06F11/34","广东","100071 北京市丰台区南四环西路186号四区4号楼8层15室","广东","10"
"光宝科技股份有限公司","纬创资通股份有限公司","H04L12/28; H04L29/02; H04B7/00","台湾","中国台湾台北县","台湾","中国"
"浪潮通信技术有限公司","浪潮软件科技有限公司","G06F9/50; G06F9/48","山东","250100 山东省济南市高新区浪潮路1036号浪潮科技园S02号楼","山东","25"
"摩托罗拉公司","纽昂斯通讯公司","G06F17/28; G06F17/00; G10L13/06; G10L13/10","美国","美国马萨诸塞州","美国","美国"
"王杰","广州大学","G06F3/01","广东","510006 广东省广州市广州大学城外环西路230号","广东","51"
"中南大学","龙图腾网科技(合肥)股份有限公司","G06Q10/0639; G06Q50/00; G06N3/0442","湖南","230000 安徽省合肥市蜀山经济开发区井岗路电商园一期2号楼1楼","湖南","23"
"浪潮电子信息产业股份有限公司","郑州云海信息技术有限公司","G06F1/16","河南","450000 河南省郑州市郑东新区心怡路278号16层1601室","河南","45"
"吉林大学","湖北华中电力科技开发有限责任公司","H04L67/10; H04L41/0894; H04L41/14; H04L47/78; G06N20/00","吉林","430000 湖北省武汉市洪山区珞瑜路546号","吉林","43"
"华为技术有限公司","深圳天珑无线科技有限公司","H04L12/40; H04L12/24; H04L12/26","广东","518053 广东省深圳市南山区香山东街1号华侨城东部工业区H-3栋4楼501B","广东","51"
"华东师范大学","复旦大学","G06Q10/04; G06Q50/30","上海","200433 上海市杨浦区邯郸路220号","上海","20"
"三洋电机株式会社","松下电器(美国)知识产权公司","H04L12/56; G06F15/00; G06F13/00; G06F21/10; G06F21/62; G06Q50/00; G06Q50/10; H04L12/58; H04L29/06; H04L29/08; H04M3/487; H04M3/493; H04M3/53; H04M11/08; H04W4/12","日本","美国加利福尼亚州","日本","美国"
"深圳大图科创技术开发有限公司","上海工业控制安全创新科技有限公司","G08G1/0967","上海","200333 上海市普陀区云岭西路600弄6号901室","上海","20"
"中国地质大学(北京)","憨猴科技集团有限公司","G16H40/63; G06N3/126; G06N3/04","北京","100071 北京市丰台区南四环西路186号四区4号楼8层15室","北京","10"
"日本电气株式会社","苹果公司","H04L9/32; G06F12/14; G06F12/00; G06F13/00; G06F17/30; G06F21/10; G06F21/60; G06F21/62; H04H1/00","日本","美国加利福尼亚州","日本","美国"
"中国科学院深圳先进技术研究院","华为技术有限公司","H04L29/08","广东","518129 广东省深圳市龙岗区坂田华为总部办公楼","广东","51"
"山东汇贸电子口岸有限公司","浪潮云信息技术股份公司","H04L12/24","山东","250100 山东省济南市高新区浪潮路1036号浪潮科技园S01号楼","山东","25"
"吴昊","南京交通职业技术学院","H04L29/08; H04L29/06","江西","江苏南京科学园龙眠大道629号","江西","江苏"
"电子科技大学中山学院","广州鼎航信息技术服务有限公司","G06K9/32; G06K9/62","广东","510000 广东省广州市南沙区丰泽东路106号","广东","51"
"建信金融科技有限责任公司","中国建设银行股份有限公司","H04L9/08; H04L9/06; H04L67/10; G06F16/27; G06F21/60","北京","100033 北京市西城区金融大街25号","北京","10"
"长安大学","西安航空学院","G06F18/2413; G06F18/2323; G06F18/22; G06Q10/20; G06Q50/08","陕西","710077 陕西省西安市西二环259号","陕西","71"
"青海大学","天津大学","G06F17/50; G06T17/05; G06T17/20","青海","301700 天津市武清区雍阳西道83号","青海","30"
"广州知弘科技有限公司","城云科技(中国)有限公司","G06F16/332; G06F16/35; G06F9/48; G06F40/289; G06F40/30","浙江","310052 浙江省杭州市滨江区长河街道江南大道588号恒鑫大厦主楼17层、18层","浙江","31"
"华为数字技术(成都)有限公司; 华为技术有限公司","华为技术有限公司; 超聚变数字技术有限公司","G06F3/06; G06F11/16","四川","518129 广东省深圳市龙岗区坂田华为总部办公楼; 450046 河南省郑州市郑东新区龙子湖智慧岛正商博雅广场1号楼9层","四川","51"
"秒针信息技术有限公司","上海明胜品智人工智能科技有限公司","G10L17/00; G10L17/02; G10L17/04; G06Q10/10","上海","200232 上海市徐汇区龙兰路277号2号楼5楼5B06单元","上海","20"
"盐城工学院","芽米科技(广州)有限公司","G06Q10/10; G06Q50/08; G06T17/05","江苏","510530 广东省广州市黄埔区科丰路85号801房","江苏","51"
"浪潮软件集团有限公司","浪潮卓数大数据产业发展有限公司","G06F9/50","江苏","214029 江苏省无锡市滨湖区高浪东路999号(软件研发大厦)707","江苏","21"
"松下知识产权经营株式会社","松下电器(美国)知识产权公司","H04L12/28","美国","美国加利福尼亚州","美国","美国"
"重庆交通大学","龙图腾网科技(合肥)股份有限公司","G06F30/20; E02D17/20; G06F111/10; G06F119/14","重庆","230000 安徽省合肥市蜀山经济开发区井岗路电商园一期2号楼1楼","重庆","23"
"胡春华","国网山东省电力公司济宁供电公司; 国家电网公司","H04L9/00; H03K19/00","山东","272100 山东省济宁市高新技术开发区火炬路28号","山东","27"
"西安石油大学","中国石油大学(北京)","G06Q10/063; G06Q50/02; G06F18/243; G06F18/2135; G06F18/15; G06N3/0499; G06N3/048; G01V20/00","陕西","102299 北京市昌平区府学路18号","陕西","10"
"南通大学","广州中天科技咨询有限公司","G06F1/18","江苏","510700 广东省广州市黄埔区光谱西路69号创意中心402房","江苏","51"
"三菱电机株式会社","捷讯研究有限公司","H04L1/00; H04B1/69; H04B7/26; H04L12/26; H04M1/725; H04Q7/36; H04Q7/38","日本","加拿大安大略省沃特卢市","日本","加拿"
"美国西门子医疗解决公司","西门子医疗有限公司","G06T7/00; G06T7/60; G06T5/00","美国","德国埃朗根","美国","德国"
"阿尔卡特朗讯公司","乌索投资有限公司","H04L12/26; H04L12/56; H04L12/46","法国","美国加利福尼亚","法国","美国"
"武汉斗鱼鱼乐网络科技有限公司","北京神州数码云科信息技术有限公司; 神州鲲泰(厦门)信息技术有限公司","H04L1/1607; H04L69/164","北京","100000 北京市海淀区上地九街9号3层301号","北京","10"
"西安元朔科技有限公司","西北工业大学","G06F19/00","陕西","710072 陕西省西安市碑林区友谊西路127号205信箱","陕西","71"
"展讯通信(上海)有限公司; 芯鑫融资租赁(北京)有限责任公司; 芯鑫融资租赁有限责任公司; 芯鑫融资租赁(厦门)有限责任公司","芯鑫融资租赁有限责任公司; 展讯通信(上海)有限公司; 芯鑫融资租赁(厦门)有限责任公司; 芯鑫融资租赁(北京)有限责任公司","H04L27/26","上海","200127 中国(上海)自由贸易试验区张杨路707号32楼3205F室; 201203 上海市浦东新区中国(上海)自由贸易试验区祖冲之路2288; 361012 福建省厦门市中国(福建)自由贸易试验区厦门片区象屿路97号厦门国际航运中心D栋8层05单元; 100033 北京市西城区金融街乙9号威斯汀行政公寓2062室; 201203 上海市浦东新区张江高科技园区祖冲之路2288弄展讯中心1号楼","上海","20"
"武汉科技大学","武汉安辰鑫信息科技有限公司","G06F30/17","湖北","430000 湖北省武汉市东湖新技术开发区光谷大道58号关南福星医药园1栋27层05室(自贸区武汉片区)","湖北","43"
"深兰科技(上海)有限公司","深兰机器人(上海)有限公司","G06V10/25; G06V10/75; G06V10/46","上海","200050 上海市长宁区长宁999号6227室","上海","20"
"深圳市腾讯计算机系统有限公司","腾讯云计算(北京)有限责任公司","G06T19/00","广东","100090 北京市海淀区知春路49号3层西部309","广东","10"
"杭州电子科技大学","合肥龙智机电科技有限公司","G06Q10/04; G06Q30/0201; G06Q50/06","浙江","230000 安徽省合肥市蜀山区甘泉路81号沃野花园商办楼B-2704","浙江","23"
"华中科技大学","深圳大学","G06F17/10","广东","518060 广东省深圳市南山区南海大道3688号","广东","51"
"英特尔公司","谷歌有限责任公司","G06F1/32; G06F15/163","美国","美国加利福尼亚州","美国","美国"
"武汉大学","深圳市汇顶科技股份有限公司","H04L9/14; H04L9/06; H04L9/32","湖北","518045 广东省深圳市福田保税区腾飞工业大厦B座13层","湖北","51"
"中国计量大学","浙江知多多网络科技有限公司","G06F16/9535; G06F16/901; G06N3/04; G06Q30/02","浙江","311100 浙江省杭州市余杭区仓前街道海创科技中心2号楼4层407-10室","浙江","31"
"重庆邮电大学","广州大鱼创福科技有限公司","G06F16/182; G06F16/11; G06F9/50; G06N3/006","广东","510530 广东省广州市黄埔区科丰路85号801房","广东","51"
"山东公链信息科技有限公司","李宝次; 山东公链信息科技有限公司","H04L12/24; H04L12/46; G06F16/901","山东","350000 福建省福州市晋安区连江中路196号源福花园","山东","35"
"西门子公司","西门子股份公司","G06F9/45","美国","德国慕尼黑","美国","德国"
"惠州TCL移动通信有限公司","TCL移动通信科技(宁波)有限公司","G06F9/44; G06F17/30","浙江","315100 浙江省宁波市高新区扬帆路999弄5号10楼","浙江","31"
"西门子工业公司","西门子瑞士有限公司","G06T7/20","瑞士","瑞士苏黎世","瑞士","瑞士"
"中兴通讯股份有限公司","OPPO广东移动通信有限公司","H04L1/18; H04L1/16; H04L5/00","广东","523860 广东省东莞市长安镇乌沙海滨路18号","广东","52"
"宁波大学","深圳泓越信息科技有限公司","G06T7/00; G06T7/13","浙江","518000 广东省深圳市龙华区大浪街道横朗社区华兴路13号智云产业园A栋1104","浙江","51"
"中国农业大学","合肥名龙电子科技有限公司","G06Q10/04; G06Q10/06; G06Q50/02; G06K9/62","北京","230000 安徽省合肥市蜀山区甘泉路81号沃野花园商办楼B-1015","北京","23"
"威海海洋职业学院","龙图腾网科技(合肥)股份有限公司","G06V20/00; G06V10/82; G06V10/56; G06V10/26; G06N3/04; G06N3/08","山东","230000 安徽省合肥市蜀山经济开发区井岗路电商园一期2号楼1楼","山东","23"
"哈尔滨工程大学","青岛民航凯亚系统集成有限公司","G05D1/08; G05D1/10","山东","266000 山东省青岛市城阳区棘洪滩街道春阳路西端动车小镇科技馆230室","山东","26"
"华为技术有限公司","华为软件技术有限公司","H04L12/28; H04L29/06; H04L12/56; H04L12/24; H04N1/00; H04N7/16; H04N7/173","广东","江苏省南京市雨花台区安德门94号  邮编 :  210012","广东","江苏"
"南京大学","江苏博智软件科技股份有限公司","G06F11/36","江苏","210012 江苏省南京市雨花台区软件大道168号3栋5层","江苏","21"
"努比亚技术有限公司","江苏永鼎通信有限公司","G06F3/0488; G06F21/83","广东","215200 江苏省苏州市吴江区黎里镇越秀路888号","广东","21"
"蒋兴德","北方工业大学","G06T5/00; G06T7/11; H04N7/14; G06F21/60","北京","100144 北京市石景山区晋元庄路5号","北京","10"
"西安交通大学","西安交通大学医学院第一附属医院","G06F16/55; G06N3/04; G06N3/08","陕西","710061 陕西省西安市雁塔区雁塔西路277号","陕西","71"
"西安理工大学","上海星地通讯工程研究所","H04L9/32; H04L9/08","上海","201800 上海市嘉定区工业开发区叶城路1288号","上海","20"
"华东师范大学","上海工业控制安全创新科技有限公司","G06F8/20","上海","200940 上海市普陀区云岭西路600弄6号楼7层","上海","20"
"杭州师范大学钱江学院","杭州师范大学","G06F40/211; G06F40/284; G06F16/9535; G06F16/33","浙江","311121 浙江省杭州市余杭区余杭塘路2318号","浙江","31"
"北京奇虎科技有限公司; 奇智软件(北京)有限公司","奇智软件(北京)有限公司","H04L29/06","北京","100088 北京市朝阳区酒仙桥路甲10号3号楼15层17层1701-26","北京","10"
"张仁平","上海臻客信息技术服务有限公司","H04L29/06","上海","202150 上海市崇明区长兴镇潘园公路1800号3号楼9951室(上海泰和经济发展区)","上海","20"
"优视科技有限公司","阿里巴巴(中国)有限公司","H04L29/06; H04L29/08; G06F17/30","北京","310051 浙江省杭州市滨江区长河街道网商路699号4号楼5楼508室","北京","31"
"歌尔光学科技有限公司","歌尔科技有限公司","G06F8/654; G06F11/14","山东","266100 山东省青岛市崂山区松岭路500号","山东","26"
"淮阴工学院","合肥九州龙腾科技成果转化有限公司","G06F18/22; G06Q50/30","江苏","230000 安徽省合肥市蜀山经济开发区井岗路电商园一期2号楼203","江苏","23"
"浙江工商大学","赛特斯信息科技股份有限公司","H04W16/18; H04W52/26","浙江","210042 江苏省南京市玄武区玄武大道699号-22号18幢","浙江","21"
"浪潮(北京)电子信息产业有限公司","上海浪潮云计算服务有限公司","H04L9/32","北京","200436 上海市静安区江场三路238号411室","北京","20"
"哈尔滨工业大学","广州小鹏汽车科技有限公司","G06T7/13; G06T7/136","广东","510000 广东省广州市广州中新广州知识城九佛建设路333号245室","广东","51"
"腾讯科技(深圳)有限公司","北京京东尚科信息技术有限公司","G06F17/00; G06Q30/06","北京","100080 北京市海淀区苏州街20号2号楼2层","北京","10"
"百度在线网络技术(北京)有限公司","阿波罗智能技术(北京)有限公司","G06V20/70; G06V10/762; G06T19/00; G06T17/20; G06T7/73; G06T7/246","北京","100085 北京市海淀区上地十街10号1幢1层105","北京","10"
"北京旷视科技有限公司","迈驰智行(重庆)科技有限公司","G06F3/01; G06F3/0481","北京","401120 重庆市渝北区两江新区卉竹路2号9幢2层257号","北京","40"
"三峡大学","深圳恒远志达信息科技有限公司","G06F18/213; G06F18/214; G06F18/2433; H02J3/00","湖北","518000 广东省深圳市龙华区大浪街道横朗社区华兴路13号智云产业园A栋1104","湖北","51"
"维谛技术有限公司","南京理工大学连云港研究院","G06F3/00","广东","222000 江苏省连云港市科教创业园区晨光路2号","广东","22"
"株式会社东芝","丰田自动车株式会社","H04L27/26; H04B7/06","日本","日本爱知县","日本","日本"
"佛山市幻云科技有限公司","山东汇佳软件科技股份有限公司","H04L29/08; H04L29/06","山东","257000 山东省东营市东营区南一路228号东营软件园B607-609","山东","25"
"深圳市商汤科技有限公司","北京绝影智联科技有限公司","G06V20/64; G06V20/56; G06V10/25; G06V10/774; G06V10/764; G06V10/82; G06N3/0464; G06N3/08; G06T7/73; G06T7/77","北京","100000 北京市大兴区北京经济技术开发区荣华南路2号院1号楼22层2203室","北京","10"
"深圳市赛宇景观设计工程有限公司","和宇健康科技股份有限公司","H04L29/08; H04L12/24; G06F11/14; G06F16/27; G06F16/29","广东","510627 广东省广州市天河区海安路13号之一2003、1801、1804房","广东","51"
"鸿富锦精密工业(武汉)有限公司; 鸿海精密工业股份有限公司","嘉善县魏塘资产管理有限公司","G06F1/26","湖北","314100 浙江省嘉兴市嘉善县魏塘街道环北西路355号二楼西侧西二间","湖北","31"
"苏州格目软件技术有限公司","暗物智能科技(广州)有限公司","G01C21/34","广东","511458 广东省广州市南沙区金隆路37号16层整层(仅限办公)","广东","51"
"北京科技大学","江苏博智软件科技股份有限公司","G06F21/55","北京","210000 江苏省南京市雨花台区软件大道168号3栋5层","北京","21"
"长安大学","广州大鱼创福科技有限公司","H04L67/10; H04W4/44","广东","510530 广东省广州市黄埔区科丰路85号801房","广东","51"
"松下电器产业株式会社","知识产权之桥一号有限责任公司","H04L27/26; H04L1/04; H04J11/00; H04L1/18","日本","日本东京都","日本","日本"
"欧芬诺有限责任公司","三星电子株式会社","H04L5/00; H04W72/12; H04W72/14; H04W74/04; H04W52/14; H04W76/28; H04W28/02","韩国","韩国京畿道","韩国","韩国"
"京信通信技术(广州)有限公司","京信通信系统(中国)有限公司; 京信通信系统(广州)有限公司; 京信通信技术(广州)有限公司; 天津京信通信系统有限公司","H04L1/16","广东","510663 广东省广州市经济技术开发区广州科学城神舟路10号","广东","51"
"重庆大学","成都希盟泰克科技发展有限公司","H04L1/16; H04L1/18; H04L29/06","四川","610041 四川省成都市高新区世纪城南路216号D5栋9层","四川","61"
"浪潮云信息技术股份公司","浪潮软件集团有限公司","G06F21/64; G06F21/60","山东","250000 山东省济南市高新区浪潮路1036号S02楼","山东","25"
"成都信息工程大学","深圳万知达科技有限公司","G06V20/40; G06V10/40; G06V10/74; G06V10/77","四川","518000 广东省深圳市龙华区大浪街道横朗社区华兴路13号智云产业园A栋1002","四川","51"
"深圳艺达文化传媒有限公司","南京硅基智能科技有限公司","G06T3/00; G06T7/62; G06T7/90; G06K9/00","江苏","210000 江苏省南京市雨花台区凤信路20号万博科技园C号楼4层","江苏","21"
"杭州电子科技大学","龙图腾网科技(合肥)股份有限公司","G06F9/48","浙江","230000 安徽省合肥市蜀山经济开发区井岗路电商园一期2号楼1楼","浙江","23"
"西安理工大学","深圳万知达科技有限公司","G06F16/28; G06F16/245","陕西","518000 广东省深圳市龙华区大浪街道横朗社区华兴路13号智云产业园A栋1002","陕西","51"
"展讯通信(上海)有限公司; 芯鑫融资租赁(北京)有限责任公司; 芯鑫融资租赁(厦门)有限责任公司; 芯鑫融资租赁有限责任公司","芯鑫融资租赁(厦门)有限责任公司; 展讯通信(上海)有限公司; 芯鑫融资租赁(北京)有限责任公司; 芯鑫融资租赁有限责任公司","H04L1/00; H04W72/12","上海","361012 福建省厦门市中国(福建)自由贸易试验区厦门片区象屿路97号厦门国际航运中心D栋8层05单元; 201203 上海市浦东新区中国(上海)自由贸易试验区祖冲之路2288; 201203 上海市浦东新区张江高科技园区祖冲之路2288弄展讯中心1号楼; 100033 北京市西城区金融街乙9号威斯汀行政公寓2062室; 200127 中国(上海)自由贸易试验区张杨路707号32楼3205F室","上海","36"
"王龙","和宇健康科技股份有限公司","G06F16/16; G06F16/13; G06F21/60; G06F21/62","广东","510627 广东省广州市天河区海安路13号之一2003、1801、1804房","广东","51"
"中兴通讯股份有限公司","江苏永鼎通信有限公司","H04L29/10","广东","215000 江苏省苏州市吴江区黎里镇越秀路888号","广东","21"
"江南大学","龙图腾网科技(合肥)股份有限公司","G06F30/20; G06Q10/04; G06N3/08; G01D21/02; B01D53/86","江苏","230000 安徽省合肥市蜀山经济开发区井岗路电商园一期2号楼1楼","江苏","23"
"上海斐讯数据通信技术有限公司","江西山水光电科技股份有限公司","H04L29/08; H04L29/06","江西","332000 江西省九江市濂溪区生态工业城平安路1010号","江西","33"
"华东交通大学","广州大鱼创福科技有限公司","G06Q10/02; G06Q10/0631; G06Q50/30","江西","510530 广东省广州市黄埔区科丰路85号801房","江西","51"
"平安普惠企业管理有限公司","武汉安辰鑫信息科技有限公司","G06F9/50; G06F9/48","湖北","430000 湖北省武汉市东湖新技术开发区光谷大道58号关南福星医药园1栋27层05室(自贸区武汉片区)","湖北","43"
"环旭电子股份有限公司","环胜电子(深圳)有限公司","G06F1/32; H04L12/24","上海","518057 广东省深圳市南山区高新技术园北区环旭电子园","上海","51"
"株式会社日立制作所","谷歌公司","G06F3/06; G06F9/445; G06F12/00; G06F12/02; G06F12/08; G06F13/00; G06F13/38","日本","美国加利福尼亚州","日本","美国"
"北京百度网讯科技有限公司","上海兆言网络科技有限公司","G06T5/30; G06T5/60; G06N3/0464; G06N3/08","上海","200000 上海市杨浦区伟成路62号501、502、503、504室","上海","20"
"陕西师范大学","深圳万知达科技有限公司","G06F16/9535; G06F16/36; G06N3/04; G06N3/08","陕西","518000 广东省深圳市龙华区大浪街道横朗社区华兴路13号智云产业园A栋1002","陕西","51"
"惠普发展公司, 有限责任合伙企业","瑞典爱立信有限公司","G06F3/041","瑞典","瑞典斯德哥尔摩","瑞典","瑞典"
"重庆邮电大学; 龙图腾网科技(合肥)股份有限公司","龙图腾网科技(合肥)股份有限公司; 合肥九州龙腾科技成果转化有限公司","G06K9/00","重庆","230000 安徽省合肥市蜀山经济开发区井岗路电商园一期2号楼1楼; 230000 安徽省合肥市蜀山经济开发区井岗路电商园一期2号楼203","重庆","23"
"深圳市华讯方舟光电技术有限公司","深圳市重投华讯太赫兹科技有限公司","G06F1/18; G06F1/20","广东","518100 广东省深圳市宝安区西乡街道宝田一路臣田工业区第37栋430室","广东","51"
"歌尔光学科技有限公司; 歌尔科技有限公司","歌尔科技有限公司; 歌尔光学科技有限公司","G06F3/01","山东","266104 山东省青岛市崂山区松岭路500号; 261031 山东省潍坊市潍坊高新区东明路以东玉清东街以北(歌尔电子办公楼502室)","山东","26"
"百度在线网络技术(北京)有限公司","北京百度网讯科技有限公司","H04L12/26; H04L12/56; H04L29/06; H04L12/46","北京","100085 北京市海淀区上地十街10号百度大厦2层","北京","10"
"徐州工业职业技术学院","合肥名龙电子科技有限公司","G06F1/20; G06F1/30; H02M1/00; H02J7/00; H02J9/06","江苏","230000 安徽省合肥市蜀山区甘泉路81号沃野花园商办楼B-1015","江苏","23"
"飞思卡尔半导体公司","苹果公司","H04L1/02; H04B7/02","美国","美国加利福尼亚","美国","美国"
"北京奇虎科技有限公司; 奇智软件(北京)有限公司","北京奇安信科技有限公司","H04L29/06; H04L29/08","北京","100015 北京市朝阳区酒仙桥路甲10号3号楼15层17层1701-26","北京","10"
"苏州天趣信息科技有限公司","河南大学","G06F3/0488","河南","475001 河南省开封市龙亭区明伦街85号","河南","47"
"四川九成信息技术有限公司","福州环亚众志计算机有限公司","H04L29/06; H04L29/08","福建","350000 福建省福州市马尾区湖里路27号1楼2-57D室(自贸试验区内)","福建","35"
"惠普开发有限公司","三星电子株式会社","G06F11/14; G06F12/00; G06F12/16","美国","韩国京畿道","美国","韩国"
"展讯通信(上海)有限公司; 芯鑫融资租赁(北京)有限责任公司; 芯鑫融资租赁有限责任公司; 芯鑫融资租赁(厦门)有限责任公司","芯鑫融资租赁(厦门)有限责任公司; 展讯通信(上海)有限公司; 芯鑫融资租赁(北京)有限责任公司; 芯鑫融资租赁有限责任公司","H04L1/06; H04L25/02; H04L5/02","上海","361012 福建省厦门市中国(福建)自由贸易试验区厦门片区象屿路97号厦门国际航运中心D栋8层05单元; 201203 上海市浦东新区中国(上海)自由贸易试验区祖冲之路2288; 100033 北京市西城区金融街乙9号威斯汀行政公寓2062室; 201203 上海市浦东新区张江高科技园区祖冲之路2288弄展讯中心1号楼; 200127 中国(上海)自由贸易试验区张杨路707号32楼3205F室","上海","36"
"西北工业大学","重庆誉存大数据科技有限公司","G06F9/455; G06F9/50; H04L29/08","陕西","401121 重庆市渝北区黄山大道中段53号附2号麒麟C座9层","陕西","40"
"桂林电子科技大学","合肥名龙电子科技有限公司","H04L29/06","广西","230000 安徽省合肥市蜀山区甘泉路81号沃野花园商办楼B-1015","广西","23"
"北京工商大学","龙图腾网科技(合肥)股份有限公司","G06F16/2458; G06F16/26","北京","230000 安徽省合肥市蜀山经济开发区井岗路电商园一期2号楼1楼","北京","23"
"阿尔卡特朗讯","诺基亚技术有限公司","H04L5/00; H04W56/00","法国","芬兰埃斯波","法国","芬兰"
"鸿富锦精密工业(深圳)有限公司; 鸿海精密工业股份有限公司","鸿富锦精密工业(武汉)有限公司; 鸿海精密工业股份有限公司","G06F1/18","湖北","430000 湖北省武汉市东湖新技术开发区光谷二路特一号富士康科技园","湖北","43"
"燕山大学","龙图腾网科技(合肥)股份有限公司","G06F30/23; G06F30/17","河北","230000 安徽省合肥市蜀山经济开发区井岗路电商园一期2号楼1楼","河北","23"
"上海明略人工智能(集团)有限公司","上海明胜品智人工智能科技有限公司","G06Q30/02","上海","200030 上海市徐汇区龙兰路277号2号楼5楼5B06单元","上海","20"
"索尼株式会社","杭州海康威视数字技术股份有限公司","H04N5/225; H04N5/232; H04N5/92","日本","310053 浙江省杭州市滨江区阡陌路555号海康科技园","日本","31"
"中国科学院自动化研究所","银河水滴科技(北京)有限公司","G06K9/64","北京","100190 北京市海淀区中关村南一条2号骏马国际酒店B区三层","北京","10"
"中国科学院计算技术研究所","国云科技股份有限公司","H04L12/56; H04W40/00","北京","523808 广东省东莞市松山湖科技产业园区松科苑14号楼","北京","52"
"西门子公司","西门子瑞士有限公司","H04L29/12","德国","瑞士苏黎世","德国","瑞士"
"曙光云计算集团有限公司","曙光信息产业(北京)有限公司","G06F1/16","北京","100089 北京市海淀区东北旺西路8号院36号楼","北京","10"
"重庆交通大学","合肥名龙电子科技有限公司","G06F30/20; G06F30/15","重庆","230000 安徽省合肥市蜀山区甘泉路81号沃野花园商办楼B-1015","重庆","23"
"哈尔滨工业大学(威海)","哈尔滨工业大学","G06T5/00","山东","150006 黑龙江省哈尔滨市南岗区西大直街92号","山东","15"
"杭州路享科技有限公司","上海观安信息技术股份有限公司","H04L12/66; H05K7/20","上海","200135 上海市浦东新区泥城镇云端路1412弄15号二层1室","上海","20"
"淮阴工学院","憨猴科技集团有限公司","G06N3/045; G06N3/0442; G06N3/049; G16Y40/10; G01L5/00","江苏","100071 北京市丰台区南四环西路186号四区4号楼8层15室","江苏","10"
"哈尔滨工程大学","陕西合友网络科技有限公司","G06V20/10; G06V10/44; G06V10/762; G06V10/80; G06V10/82; G06N3/0464; G06N3/0442; G06N3/08","陕西","712000 陕西省咸阳市西咸新区沣西新城尚业路1309号总部经济园6号楼5层5-01室","陕西","71"
"摩托罗拉公司","捷讯研究有限公司","H04L27/00; H04L9/00; G10L19/12; H03H17/00; H03H17/02; H03M7/30; H03M7/38; H04B14/04","美国","加拿大安大略省","美国","加拿"
"重庆邮电大学","深圳万知达科技有限公司","H04L45/00; H04W4/46; H04W40/32; H04W84/18","广东","518000 广东省深圳市龙华区大浪街道横朗社区华兴路13号智云产业园A栋1002","广东","51"
"国际商业机器公司","三星电子株式会社","G06N3/02","韩国","韩国京畿道水原市","韩国","韩国"
"努比亚技术有限公司","上海豹云网络信息服务有限公司","G06F3/04847; G06F3/04883; G06F3/04886; G06F3/04817","上海","200051 上海市长宁区茅台路179号一层L227X室","上海","20"
"华为技术有限公司; 华为软件技术有限公司","苏州鱼得水电气科技有限公司; 华为技术有限公司","G06F11/36","江苏","215010 江苏省苏州市高新区长江路556号5幢704室; 518129 广东省深圳市龙岗区坂田华为总部办公楼","江苏","21"
"皇家菲利浦电子有限公司","NXP股份有限公司","G06K19/07; G06K17/00; G06K19/077","荷兰",NA,"荷兰","Unknown"
"无锡北斗星通信息科技有限公司","罗普特(厦门)科技集团有限公司","H04N7/18; G08B21/06; G08B21/22","福建","361008 福建省厦门市软件园三期诚毅大街366号0006单元","福建","36"
"宇龙计算机通信科技(深圳)有限公司","深圳传音控股股份有限公司","H04L9/32; H04W60/00","广东","518057 广东省深圳市南山区粤海街道深南大道9789号德赛科技大厦标识层17层(自然层15层)1702-1703号","广东","51"
"平安普惠企业管理有限公司","山东浪潮创新创业科技有限公司","G06F16/35; G06F16/2455","山东","250101 山东省中国(山东)自由贸易试验区济南片区浪潮路1036号S02楼","山东","25"
"辽东学院","常熟理工学院","G06F30/10; G06Q30/02; G06F113/12","江苏","215500 江苏省苏州市南三环路99号","江苏","21"
"因芬尼昂技术股份公司","西门子公司","H04L1/00; H04L25/03; H03M13/29; H03M13/41; H04B7/005","德国","德国慕尼黑","德国","德国"
"东莞市华睿电子科技有限公司","深圳市马博士网络科技有限公司","G06F21/84; H04L51/04; H04L51/046; H04L51/52; H04L51/10","广东","518000 广东省深圳市南山区粤海街道深南大道10128号南山软件园东塔601室","广东","51"
"阿里巴巴集团控股有限公司","阿里巴巴达摩院(杭州)科技有限公司","G06F17/30",NA,"浙江省杭州市余杭区五常街道文一西路969号3幢5层516室","Unknown","浙江"
"芯鑫融资租赁(北京)有限责任公司; 展讯通信(上海)有限公司; 芯鑫融资租赁有限责任公司; 芯鑫融资租赁(厦门)有限责任公司","展讯通信(上海)有限公司; 芯鑫融资租赁有限责任公司; 芯鑫融资租赁(厦门)有限责任公司; 芯鑫融资租赁(北京)有限责任公司","H04L1/00; H04W24/10","上海","201203 上海市浦东新区中国(上海)自由贸易试验区祖冲之路2288; 200127 中国(上海)自由贸易试验区张杨路707号32楼3205F室; 361012 福建省厦门市中国(福建)自由贸易试验区厦门片区象屿路97号厦门国际航运中心D栋8层05单元; 100033 北京市西城区金融街乙9号威斯汀行政公寓2062室; 201203 上海市浦东新区张江高科技园区祖冲之路2288弄展讯中心1号楼","上海","20"
"平安普惠企业管理有限公司","广州宾聚科技有限公司","G06F8/34; G06F8/38; G06F9/451","广东","510640 广东省广州市天河区科华街1号301至353室E162房(仅限办公)","广东","51"
"英业达股份有限公司","英业达科技有限公司; 英业达股份有限公司","G06F1/26","台湾","201114 上海市闵行区浦星公路789号","台湾","20"
"中天宽带技术有限公司","中天宽带技术有限公司; 中天通信技术有限公司","G06F30/367; G06F30/373; G06F111/06","江苏","226463 江苏省南通市如东县河口镇中天路1号","江苏","22"
"闽江学院","合肥名龙电子科技有限公司","G06N3/0464; G06N3/08","福建","230000 安徽省合肥市蜀山区甘泉路81号沃野花园商办楼B-1015","福建","23"
"NXP股份有限公司","台湾积体电路制造股份有限公司","H04L1/00; H04L12/00; H04L47/43","台湾","中国台湾新竹科学工业园区新竹市","台湾","中国"
"上海斐讯数据通信技术有限公司","四川旅投数字信息产业发展有限责任公司","G06Q50/26; G07B1/00; G07C9/22","四川","610000 四川省成都市中国(四川)自由贸易试验区成都高新区盛通街16号52栋","四川","61"
"英业达科技有限公司; 英业达股份有限公司","慧与发展有限责任合伙企业","G06F1/18","上海","美国德克萨斯州","上海","美国"
"安科机器人有限公司","福建爱特点信息科技有限公司","G06F3/06","福建","350000 福建省福州市马尾区湖里路27号1#2-45F室(自贸试验区内)","福建","35"
"江苏大学","常州工学院","G06F30/15; G06F119/14","江苏","213032 江苏省常州市新北区辽河路666号","江苏","21"
"山东科技职业学院","沈阳黑豹科技有限公司","G06F1/16","山东","110000 辽宁省沈阳市皇姑区塔湾街7号(塔湾街7号)","山东","11"
"吴东辉","福建爱特点信息科技有限公司","H04L12/58; H04L12/18","福建","350009 福建省福州市马尾区湖里路27号1#2-45F室(自贸试验区内)","福建","35"
"西南石油大学","中国石油化工股份有限公司","G06T5/00","四川","100020 北京市朝阳区朝阳门北大街22号","四川","10"
"台州市吉吉知识产权运营有限公司; 上海斐讯数据通信技术有限公司","上海斐讯数据通信技术有限公司; 台州市吉吉知识产权运营有限公司","H04L12/24; H04W12/06; H04W16/18; H04W40/24","上海","201616 上海市松江区思贤路3666号; 318000 浙江省台州市椒江区洪家街道东环大道2388号农港城A区2-3167号","上海","20"
"阿里巴巴(中国)有限公司; 优酷网络技术(北京)有限公司","优酷文化科技(北京)有限公司; 阿里巴巴(中国)有限公司","G06F3/0484; G06F3/0481","浙江","101400 北京市怀柔区杨宋镇凤翔东大街9号201室; 310052 浙江省杭州市滨江区长河街道网商路699号4号楼5楼508室","浙江","10"
"四川虹微技术有限公司","重庆大学","G06T15/20; G06T1/00","四川","重庆市沙坪坝区沙正街174号  邮政编码 : 400030","四川","重庆"
"浙江师范大学","莫毓昌","G06F17/00; G06Q50/20","浙江","321000 浙江省金华市迎宾大道688号","浙江","32"
"石家庄铁道大学","芽米科技(广州)有限公司","H04L12/58; H04L29/08","河北","510530 广东省广州市黄埔区科丰路85号801房","河北","51"
"杜都","北京神州数码云科信息技术有限公司","G06F1/20; B01D46/00; B01D46/10","北京","100000 北京市海淀区上地九街9号3层301号","北京","10"
"中国科学院计算技术研究所","华为技术有限公司","G06F11/30; G06F17/30","北京","518129 广东省深圳市龙岗区坂田华为总部办公楼","北京","51"
"捷开通讯(深圳)有限公司","南方电网互联网服务有限公司","H04L29/06; H04L9/08","广东","510699 广东省广州市越秀区东风东路757号大院办公综合楼606-609房","广东","51"
"青岛理工大学","龙图腾网科技(合肥)股份有限公司","G06Q20/10; G06Q20/38; G06Q20/40","山东","230000 安徽省合肥市蜀山经济开发区井岗路电商园一期2号楼1楼","山东","23"
"南方电网数字电网研究院股份有限公司","南方电网数字企业科技(广东)有限公司","G06Q10/0639; G06Q30/01; G06Q50/06","广东","510700 广东省广州市黄埔区光谱中路11号云升科学园","广东","51"
"国际商业机器公司","乐天株式会社","G06F3/06","美国","日本东京都","美国","日本"
"上海斐讯数据通信技术有限公司","曙光星云信息技术(北京)有限公司","G06T7/11; G06T7/136; G06N3/12","北京","100089 北京市海淀区东北旺西路8号院36号楼2层201室","北京","10"
"中兴通讯股份有限公司","温州大学","H04L29/08","浙江","325036 浙江省温州市瓯海区东方南路38号温州市国家大学科技园孵化器","浙江","32"
"深圳富泰宏精密工业有限公司; 奇美通讯股份有限公司","嘉善县魏塘资产管理有限公司","G06F3/041","广东","314100 浙江省嘉兴市嘉善县魏塘街道环北西路355号二楼西侧西二间","广东","31"
"四川长虹电器股份有限公司","四川虹微技术有限公司","H04L47/10; H04L47/20; H04L9/40","四川","610000 四川省成都市中国(四川)自由贸易试验区成都高新区天府四街199号1栋33层","四川","61"
"中国科学院计算技术研究所","北京中科睿芯科技集团有限公司","G06F11/267","北京","100095 北京市海淀区温泉镇创客小镇社区配套商业楼15#楼一层135室","北京","10"
"韶关市启之信息技术有限公司","江苏艾德锐电子科技有限公司","G06F9/4401","江苏","221000 江苏省徐州市新沂市锡沂高新技术产业开发区智慧光电产业园5号厂房","江苏","22"
"威盛电子股份有限公司","上海兆芯集成电路有限公司","G06F9/38","上海","201203 上海市张江高科技园区金科路2537号301室","上海","20"
"苏州浪潮智能科技有限公司","腾讯科技(深圳)有限公司","G06F1/30; G06F11/30","广东","518000 广东省深圳市南山区高新区科技中一路腾讯大厦35层","广东","51"
"杨明","六安同辉智能科技有限公司","G06K9/00; G06K9/32; G06K9/62","安徽","237000 安徽省六安经济技术开发区新加坡御苑12号楼105室","安徽","23"
"阿里巴巴新加坡控股有限公司","阿里云计算有限公司","H04L45/74; H04L45/50; H04L67/133; G06F9/54; G06F9/50","新加坡","浙江省杭州市西湖区三墩镇灯彩街1008号云谷园区1-2-A06室","新加","浙江"
"王龙","天聚地合(苏州)数据股份有限公司","H04L9/08; H04L9/06; H04L29/08","江苏","215000 江苏省苏州市苏州工业园区启月街288号紫金东方大厦307室","江苏","21"
"北京拓思德科技有限公司; 北京奇禄管理咨询有限公司; 田雪松","田雪松; 北京拓思德科技有限公司; 北京奇禄管理咨询有限公司","G06F3/0354; G06F3/038","北京","100098 北京市海淀区北三环西路甲18号院2号楼803-3; 100083 北京市海淀区花园东路10号高德大厦十一层1108号; 100029 北京市朝阳区北辰西路69号峻峰华亭D座1012; 100044 北京市海淀区中关村大街18号8层04-758","北京","10"
"西安邮电大学","赛特斯信息科技股份有限公司","H04L12/12; H04L12/24; H04L12/803","陕西","210042 江苏省南京市玄武区玄武大道699号-22号18幢","陕西","21"
"中国石油大学(北京)","中国石油天然气股份有限公司","G06T7/00; G06T7/62","北京","100007 北京市东城区东直门北大街9号","北京","10"
"展讯通信(上海)有限公司; 芯鑫融资租赁(厦门)有限责任公司; 芯鑫融资租赁有限责任公司; 芯鑫融资租赁(北京)有限责任公司","芯鑫融资租赁(厦门)有限责任公司; 展讯通信(上海)有限公司; 芯鑫融资租赁(北京)有限责任公司; 芯鑫融资租赁有限责任公司","H04L12/725","上海","361012 福建省厦门市中国(福建)自由贸易试验区厦门片区象屿路97号厦门国际航运中心D栋8层05单元; 201203 上海市浦东新区张江高科技园区祖冲之路2288弄展讯中心1号楼; 100033 北京市西城区金融街乙9号威斯汀行政公寓2062室; 201203 上海市浦东新区中国(上海)自由贸易试验区祖冲之路2288; 200127 中国(上海)自由贸易试验区张杨路707号32楼3205F室","上海","36"
"北京航空航天大学","北京掌行通信息技术有限公司","G06F16/2458; G06Q50/26","北京","100193 北京市海淀区东北旺西路8号中关村软件园一期27号楼B座303号","北京","10"
"平安普惠企业管理有限公司","深圳市兴海物联科技有限公司","G06F9/445; G06F9/451; G06F8/65; G06Q10/10","广东","518000 广东省深圳市福田区福田街道福南社区世贸广场101-1","广东","51"
"芯鑫融资租赁(北京)有限责任公司; 展讯通信(上海)有限公司; 芯鑫融资租赁(厦门)有限责任公司; 芯鑫融资租赁有限责任公司","展讯通信(上海)有限公司; 芯鑫融资租赁有限责任公司; 芯鑫融资租赁(厦门)有限责任公司; 芯鑫融资租赁(北京)有限责任公司","H04L1/00; H04L1/16; H04B1/707","上海","201203 上海市浦东新区中国(上海)自由贸易试验区祖冲之路2288; 200127 中国(上海)自由贸易试验区张杨路707号32楼3205F室; 201203 上海市浦东新区张江高科技园区祖冲之路2288弄展讯中心1号楼; 361012 福建省厦门市中国(福建)自由贸易试验区厦门片区象屿路97号厦门国际航运中心D栋8层05单元; 100033 北京市西城区金融街乙9号威斯汀行政公寓2062室","上海","20"
"广元量知汇科技有限公司","城云科技(中国)有限公司","G06Q30/06; G06Q10/02; G06Q50/14; G07C9/00","浙江","310052 浙江省杭州市滨江区长河街道江南大道588号恒鑫大厦主楼17层、18层","浙江","31"
"西安交通大学","和宇健康科技股份有限公司","G06F17/30; G06F11/14","陕西","510627 广东省广州市天河区海安路13号之一2003、1801、1804房","陕西","51"
"贵州电网有限责任公司电力科学研究院","贵州电网有限责任公司","G06Q10/04; G06Q50/06","贵州","550002 贵州省贵阳市南明区滨河路17号","贵州","55"
"东华理工大学","合肥净龙环保科技有限公司","G06T17/05; G06V20/13; G01S13/90; G01C5/00","江西","230000 安徽省合肥市蜀山区甘泉路81号沃野花园商办楼B-1017","江西","23"
"三洋电机株式会社","知识产权之桥一号有限责任公司","G06F12/14; G06F21/00; G06F21/24; G06F21/60; G06F21/62","日本","日本国东京都","日本","日本"
"江苏大学","深圳万知达科技有限公司","G06F1/02; G01N29/34","广东","518000 广东省深圳市龙华区大浪街道横朗社区华兴路13号智云产业园A栋1002","广东","51"
"重庆邮电大学","深圳万知达技术转移中心有限公司","H04L9/40; H04L41/0893","重庆","518000 广东省深圳市龙华区大浪街道横朗社区华兴路13号智云产业园A栋1003","重庆","51"
"盐城工学院","合肥九州龙腾科技成果转化有限公司","B60N2/50; B60N2/52","江苏","230000 安徽省合肥市蜀山经济开发区井岗路电商园一期2号楼203","江苏","23"
"陕西师范大学","深圳前海大数金融服务有限公司","H04L9/08; H04L29/06","广东","518000 广东省深圳市前海深港合作区前湾一路1号A栋201室(入驻深圳市前海商务秘书有限公司)","广东","51"
"上海掌门科技有限公司","上海果壳电子有限公司","H04L29/06; G10L17/02; G10L21/0232","上海","201204 上海市浦东新区张江高科技园区郭守敬路356号3幢127室","上海","20"
"OPPO广东移动通信有限公司","皇家飞利浦有限公司","H04L43/106; H04W28/06; H04W72/12; H04L43/0852; H04W56/00; H04W80/02; H04L69/40","广东","荷兰艾恩德霍芬市","广东","荷兰"
"克拉斯特有限责任公司; 艾利森电话股份有限公司","奥普蒂斯无线技术有限责任公司; 克拉斯特有限责任公司","H04L7/02; H04L1/20; H04L1/24; H04L7/08; H04B7/26; H04L7/04; H04L27/00","瑞典","美国德克萨斯州; 美国特拉华州","瑞典","美国"
"河西学院","合肥净龙环保科技有限公司","H04L9/00","甘肃","230000 安徽省合肥市蜀山区甘泉路81号沃野花园商办楼B-1017","甘肃","23"
"南昌欧菲光科技有限公司","江西展耀微电子有限公司","G06K9/00","江西","330000 江西省南昌市临空经济区儒乐湖大街955号临瑞青年公寓1号楼4楼422室","江西","33"
"艾利森电话股份有限公司; 克拉斯特有限责任公司","奥普蒂斯无线技术有限责任公司; 克拉斯特有限责任公司","H04L29/12; H04W8/00; H04W8/26","瑞典","美国德克萨斯州; 美国特拉华州","瑞典","美国"
"刘伟","浩德科技股份有限公司","G06K9/46","上海","200050 上海市长宁区协和路1158号217-5室","上海","20"
"努比亚技术有限公司","和宇健康科技股份有限公司","G06F9/48; G06F11/14; G06F16/22; G06F16/245; G06F16/953","广东","510627 广东省广州市天河区海安路13号之一2003、1801、1804房","广东","51"
"中国地质大学(武汉)","龙图腾网科技(合肥)股份有限公司","G06V20/40; G06V20/13; G06V10/764; G06V10/25; G06V10/774; G06N3/006","湖北","230000 安徽省合肥市蜀山经济开发区井岗路电商园一期2号楼1楼","湖北","23"
"淮阴工学院","芽米科技(广州)有限公司","G06F16/35; G06V10/762; G06K9/62; G06V10/764; G06V10/80; G06V10/774; G06V10/82; G06N3/04","江苏","510530 广东省广州市黄埔区科丰路85号801房","江苏","51"
"江苏大学","深圳万知达技术转移中心有限公司","G06F30/20","广东","518000 广东省深圳市龙华区大浪街道横朗社区华兴路13号智云产业园A栋1003","广东","51"
"南京中兴新软件有限责任公司; 中兴通讯股份有限公司","中兴通讯股份有限公司; 南京中兴新软件有限责任公司","H04L29/06; G06F9/445","广东","518057 广东省深圳市南山区科技南路55号; 210012 江苏省南京市雨花台区紫荆花路68号","广东","51"
"北京迈格威科技有限公司","迈驰智行(重庆)科技有限公司","G06V20/54; G06V20/40; G06V10/75; G08G1/095","北京","401120 重庆市渝北区两江新区卉竹路2号9幢2层257号","北京","40"
"富士胶片株式会社","脸谱公司","G06T1/00; G06T3/00; G06T9/00; H04Q7/34; H04L12/58","日本","美国加利福尼亚州","日本","美国"
"支付宝(杭州)信息技术有限公司; 蚂蚁区块链科技(上海)有限公司","蚂蚁区块链科技(上海)有限公司","G06F16/215; G06F16/22; G06F16/27; G06F21/64","浙江","200010 上海市黄浦区外马路618号8层803室","浙江","20"
"张仁平","国网上海市电力公司","G06F3/023","重庆","200002 上海市黄浦区南京东路181号","重庆","20"
"原相科技股份有限公司","神盾股份有限公司","G06F3/033; H04N3/15; H04N5/335; G06F3/0354; H04N5/341; H04N25/00","台湾","中国台湾新竹市","台湾","中国"
"杭州才云科技有限公司","北京火山引擎科技有限公司","H04L41/0803; H04L41/0893; H04L67/10","浙江","100190 北京市海淀区紫金数码园4号楼13层1309","浙江","10"
"燕山大学","深圳万知达科技有限公司","G06T7/40; G06V10/772; G06K9/62","河北","518000 广东省深圳市龙华区大浪街道横朗社区华兴路13号智云产业园A栋1002","河北","51"
"南京信息工程大学","深兰科技(上海)有限公司","G06Q10/04; G06K9/64","江苏","200050 上海市长宁区威宁路369号10楼","江苏","20"
"黑龙江大学","合肥智慧龙机械设计有限公司","G16C20/50; G16C20/70; G06N3/047; G06N3/08","黑龙江","230000 安徽省合肥市蜀山区甘泉路81号沃野花园商办楼B-1018","黑龙","23"
"松下电器产业株式会社","诺基亚通信公司","H04L27/26; H04J1/00; H04B1/04; H04J13/00","日本","芬兰埃斯波","日本","芬兰"
"盐城工学院","上海观安信息技术股份有限公司","H04L29/06; H04L12/26","江苏","200120 上海市浦东新区泥城镇云端路1412弄15号二层1室","江苏","20"
"中国计量大学","合肥名龙电子科技有限公司","G05B13/04","浙江","230000 安徽省合肥市蜀山区甘泉路81号沃野花园商办楼B-1015","浙江","23"
"浙江工业大学","合肥名龙电子科技有限公司","H04L9/00","浙江","230000 安徽省合肥市蜀山区甘泉路81号沃野花园商办楼B-1015","浙江","23"
"江苏科技大学","常熟南师大发展研究院有限公司","G06F1/16; G08C17/02","江苏","215500 江苏省常熟市东南经济开发区金都路8号","江苏","21"
"努比亚技术有限公司","南方电网互联网服务有限公司","G06F3/0346; G01C25/00","广东","510699 广东省广州市越秀区东风东路757号大院办公综合楼606-609房","广东","51"
"西安电子科技大学","江苏濠汉信息技术有限公司","G06T7/33","陕西","226300 江苏省南通市高新区世纪大道998号江海圆梦谷","陕西","22"
"中国石油大学(华东)","中国石油化工股份有限公司","G06F30/28; E21B43/20; G06F111/10; G06F113/08","山东","100020 北京市朝阳区朝阳门北大街22号","山东","10"
"腾讯科技(深圳)有限公司","广州酷狗计算机科技有限公司","G06F17/30","广东","510000 广东省广州市天河区科韵路16号自编2栋1301房","广东","51"
"烽火通信科技股份有限公司","南京烽火星空通信发展有限公司","G06F17/30","江苏","210019 江苏省南京市建邺区云龙山路88号","江苏","21"
"北京航空航天大学","统信软件技术有限公司","G06Q40/04; G06Q20/38","北京","100176 北京市大兴区中国北京市北京经济技术开发区科谷一街10号院12号楼18层","北京","10"
"诺基亚公司","诺基亚西门子通信公司","H04L12/24; H04L12/06; H04L; H04L29/06; H04L29/12","芬兰","芬兰埃斯波","芬兰","芬兰"
"欧芬诺有限责任公司","北京小米移动软件有限公司","H04L5/00","北京","北京市海淀区西二旗中路33号院6号楼8层018号","北京","北京"
"TCL移动通信科技(宁波)有限公司","广州诚毅科技咨询有限公司","G06F8/656; G06F8/71; H04M1/72448; H04M11/06","浙江","510000 广东省广州市南沙区丰泽东路106号(自编1号楼)X1301-D010825(集群注册)(JM)","浙江","51"
"OPPO广东移动通信有限公司","芜湖中浦智能装备有限公司","G06F11/30","广东","241000 安徽省芜湖市芜湖经济技术开发区万春街道纬二次路36号","广东","24"
"韶关市启之信息技术有限公司","青岛民航凯亚系统集成有限公司","G06K9/00; G06K9/62; H04M1/72454; H04M1/72451; H04M1/72457; G08G1/01","山东","266000 山东省青岛市崂山区秦岭路8号1803室","山东","26"
"华为技术有限公司; 华为软件技术有限公司","超聚变数字技术有限公司; 华为技术有限公司","H04L29/08","江苏","450046 河南省郑州市郑东新区龙子湖智慧岛正商博雅广场1号楼9层; 518129 广东省深圳市龙岗区坂田华为总部办公楼","江苏","45"
"山东爱城市网信息技术有限公司","浪潮云信息技术股份公司","G06F11/34; G06F16/2458; G06F16/27; G06F16/901; G06F21/62","山东","250100 山东省济南市高新区浪潮路1036号浪潮科技园S01号楼","山东","25"
"三峡大学","深圳泓越信息科技有限公司","G06F17/50; G06Q50/06; G06Q50/20","湖北","518000 广东省深圳市龙华区大浪街道横朗社区华兴路13号智云产业园A栋1104","湖北","51"
"南昌欧菲显示科技有限公司","安徽精卓光显技术有限责任公司","G06F3/041","安徽","231323 安徽省六安市舒城县杭埠镇精密电子产业园1#楼","安徽","23"
"河南城建学院","国网江苏省电力有限公司信息通信分公司","H04L9/32; H04L29/06; H04L29/08","河南","210000 江苏省南京市北京西路20号","河南","21"
"苏州天鸣信息科技有限公司","重庆工程职业技术学院","G06F17/30; G06F3/0481","重庆","402260 重庆市江津区滨江新城南北大道1号","重庆","40"
"山东科技大学","合肥智慧龙机械设计有限公司","G06K11/00; A61H1/02","山东","230000 安徽省合肥市蜀山区甘泉路81号沃野花园商办楼B-1018","山东","23"
"泰州悦诚科技信息咨询中心","武汉烽火信息集成技术有限公司","G06F3/06; G06T5/00; G06T7/194; G01D21/02","湖北","430000 湖北省武汉市洪山区邮科院路88号","湖北","43"
"浙江理工大学","合肥净龙环保科技有限公司","G06V20/50; G06V10/764; G06V10/82; G06N3/0464; G06N3/048; G06N3/08","浙江","230000 安徽省合肥市蜀山区甘泉路81号沃野花园商办楼B-1017","浙江","23"
"重庆邮电大学","芽米科技(广州)有限公司","G06T5/73","广东","510530 广东省广州市黄埔区科丰路85号801房","广东","51"
"杭州电子科技大学","合肥名龙电子科技有限公司","G06V30/40; G06V30/148; G06V10/82; G06N3/0464; G06N3/08","浙江","230000 安徽省合肥市蜀山区甘泉路81号沃野花园商办楼B-1015","浙江","23"
"松下电器产业株式会社","乐天株式会社","G06F7/00; G06F21/00; H04W88/02; G06F21/62; G06F21/60; G06F21/64","日本","日本国东京都品川区东品川四丁目12番3号140-0002","日本","日本"
"夏普株式会社","华为技术有限公司","H04L29/02; H04W48/16","广东","518129 广东省深圳市龙岗区坂田华为总部办公楼","广东","51"
"洋浦美诺安电子科技有限责任公司","链博(成都)科技有限公司","G06Q10/04; G06Q40/06; G06K9/62; G06N3/04; G06N3/08","四川","610000 四川省成都市高新区天府大道北段1677号B座408号","四川","61"
"长安大学","合肥九州龙腾科技成果转化有限公司","G06K9/00; G06K9/32; G06K9/62; G06T5/00; G06T5/20; G06T7/13; G06T7/136; G06T7/187; G06T7/194","陕西","230000 安徽省合肥市蜀山经济开发区井岗路电商园一期2号楼203","陕西","23"
"宁波三博电子科技有限公司","上海星地通讯工程研究所","G06F21/32; G06F21/31; G06F21/60; H04L29/06","上海","201800 上海市嘉定区工业开发区叶城路1288号","上海","20"
"中国科学院声学研究所","郑州芯兰德网络科技有限公司","H04L29/08; H04L29/06","北京","450001 河南省郑州市高新技术产业开发区长椿路6号西美大厦东塔16层1601房间","北京","45"
"SK电信有限公司","三星电子株式会社","H04L12/70","韩国","韩国京畿道","韩国","韩国"
"汤姆森许可贸易公司","交互数字VC控股公司","G06F13/00; H04N5/00; H04N7/16; H04N7/24","法国","美国特拉华","法国","美国"
"湖南汽车工程职业学院","广州大鱼创福科技有限公司","G06Q10/083; G06Q10/087","湖南","510530 广东省广州市黄埔区科丰路85号801房","湖南","51"
"中兴通讯股份有限公司","深圳前海大数金融服务有限公司","G06F17/30","广东","518100 广东省深圳市前海深港合作区前湾一路1号A栋201室(入驻深圳市前海商务秘书有限公司)","广东","51"
"抖音视界有限公司","北京火山引擎科技有限公司","G06F9/455","北京","100190 北京市海淀区紫金数码园4号楼13层1309","北京","10"
"首都师范大学","北方工业大学","G06F40/30; G06F16/35","北京","100144 北京市石景山区晋元庄路5号","北京","10"
"杭州晶一智能科技有限公司","北京国联视讯信息技术股份有限公司","G06V40/10; G06V10/30; G06V10/25; G06V10/80","北京","100089 北京市海淀区上地信息路1号1号楼703","北京","10"
"上海明略人工智能(集团)有限公司","秒针信息技术有限公司","G06F16/9535; G06F16/958; G06Q30/06","上海","100000 北京市朝阳区望京新兴产业区利泽中园一区一号3幢一层A111","上海","10"
"国际商业机器公司","杭州海康威视数字技术股份有限公司","G06F17/30; H04L29/08","浙江","310053 浙江省杭州市滨江区阡陌路555号海康科技园","浙江","31"
"中国科学院计算技术研究所","北京中科晶上科技股份有限公司","H04L12/28; G06F17/30","北京","100190 北京市海淀区科学院南路10号","北京","10"
"西安工程大学","温州大学","G06F17/30","浙江","325036 浙江省温州市瓯海区东方南路38号温州市国家大学科技园孵化器","浙江","32"
"西门子工业公司","西门子公司","G06F13/00","美国","德国慕尼黑","美国","德国"
"温州大学","广州大学","G06F19/18","广东","510000 广东省广州市番禺区广州大学城外环西路230号","广东","51"
