node,degree,pagerank,assigner_count,assignee_count,total_activity
英特尔公司,10,0.0018868579394647085,8,2,10
现代自动车株式会社; 起亚株式会社,2,0.0010266865509300776,0,2,2
苏州格目软件技术有限公司,2,0.0007613999993623027,2,0,2
深圳供电局有限公司,1,0.0010850909959146061,0,1,1
克拉斯特有限责任公司; 艾利森电话股份有限公司,1,0.0007613999993623027,1,0,1
奥普蒂斯无线技术有限责任公司; 克拉斯特有限责任公司,2,0.0020561639855715165,0,2,2
华为技术有限公司,23,0.011435554404798261,10,13,23
OPPO广东移动通信有限公司,6,0.004231499023474698,1,5,6
重庆邮电大学; 龙图腾网科技(合肥)股份有限公司,1,0.0007613999993623027,1,0,1
龙图腾网科技(合肥)股份有限公司; 合肥九州龙腾科技成果转化有限公司,2,0.0020561639855715165,0,2,2
中国计量大学,3,0.0007613999993623027,3,0,3
合肥名龙电子科技有限公司,26,0.011204042056429716,0,26,26
杭州翼兔网络科技有限公司,1,0.0007613999993623027,1,0,1
山东汇佳软件科技股份有限公司,2,0.0020561639855715165,0,2,2
三峡大学,2,0.0007613999993623027,2,0,2
深圳万知达技术转移中心有限公司,5,0.0019675343079441,0,5,5
深圳泓越信息科技有限公司,7,0.0021563540559329437,0,7,7
温州大学,3,0.0010850909959146061,2,1,3
广州大学,2,0.0018700904948766414,0,2,2
无锡科技职业学院,1,0.0007613999993623027,1,0,1
龙图腾网科技(合肥)股份有限公司,25,0.009304935451928014,0,25,25
泰州三凯工程技术有限公司,1,0.0007613999993623027,1,0,1
六安同辉智能科技有限公司,2,0.0015706274907430614,0,2,2
苏州天趣信息科技有限公司,2,0.0007613999993623027,2,0,2
深圳前海大数金融服务有限公司,3,0.0015395351523692497,0,3,3
四川企易标信息科技有限公司,1,0.0007613999993623027,1,0,1
北京网安捷通科技发展有限公司,1,0.0014087819924669094,0,1,1
盛趣信息技术(上海)有限公司,2,0.0021308488937525853,1,1,2
盛乐信息技术(上海)有限公司,4,0.0032207693839219663,2,2,4
微软公司,1,0.0007613999993623027,1,0,1
微软技术许可有限责任公司,3,0.002240687386535409,0,3,3
河南大学,4,0.0010850909959146061,3,1,4
阿尔卡特朗讯公司,4,0.0007613999993623027,4,0,4
高通股份有限公司,5,0.0019445536186781557,0,5,5
华中师范大学,1,0.0007613999993623027,1,0,1
努比亚技术有限公司,9,0.0007613999993623027,9,0,9
中食安泓(广东)健康产业有限公司,1,0.0008333313319294813,0,1,1
华北理工大学,1,0.0007613999993623027,1,0,1
天津城建大学,1,0.0014087819924669094,0,1,1
国际商业机器公司,10,0.0007613999993623027,10,0,10
谷歌公司,4,0.0017972111883296736,1,3,4
松下知识产权经营株式会社,1,0.0007613999993623027,1,0,1
松下电器(美国)知识产权公司,4,0.001732472989019213,2,2,4
三星电子株式会社,9,0.0021650975534510766,4,5,9
诺基亚技术有限公司,6,0.002138768216609538,1,5,6
北京京东尚科信息技术有限公司,1,0.0017338461741453137,0,1,1
樊馨,1,0.0007613999993623027,1,0,1
江苏永鼎通信有限公司,3,0.0021640609844222843,0,3,3
湖南科技大学,1,0.0007613999993623027,1,0,1
佛山科学技术学院,2,0.0020561639855715165,0,2,2
重庆交通大学,3,0.0007613999993623027,3,0,3
西南交通大学,7,0.0009771939970638385,6,1,7
重庆邮电大学,14,0.0007613999993623027,14,0,14
山东高速信联科技股份有限公司,1,0.0008076415702983461,0,1,1
中国科学院计算技术研究所,3,0.0007613999993623027,3,0,3
北京中科睿芯科技集团有限公司,1,0.0009771939970638385,0,1,1
杭州电子科技大学,8,0.0007613999993623027,8,0,8
捷开通讯(深圳)有限公司,4,0.0007613999993623027,4,0,4
TCL移动通信科技(宁波)有限公司,7,0.0021980795833032576,4,3,7
江苏科技大学,5,0.0007613999993623027,5,0,5
常熟市知识产权运营中心有限公司,5,0.002386020524915292,0,5,5
松下电器(美国)知识产权公司; 松下电器产业株式会社,2,0.004993430286610057,1,1,2
松下电器产业株式会社; 松下电器(美国)知识产权公司,2,0.004993430286610057,1,1,2
北京邮电大学,3,0.0007613999993623027,3,0,3
北京智谷技术服务有限公司,5,0.002703545978676123,0,5,5
上海掌门科技有限公司,4,0.002778230886857192,2,2,4
上海果壳电子有限公司,1,0.0019426287068046875,0,1,1
河南城建学院,2,0.0007613999993623027,2,0,2
国网江苏省电力有限公司信息通信分公司,2,0.0014087819924669094,0,2,2
歌尔科技有限公司; 歌尔光学科技有限公司,2,0.004993430286610057,1,1,2
歌尔光学科技有限公司; 歌尔科技有限公司,2,0.004993430286610057,1,1,2
西安理工大学,2,0.0007613999993623027,2,0,2
深圳万知达科技有限公司,13,0.005423989885405888,0,13,13
阿里巴巴集团控股有限公司,7,0.0007613999993623027,7,0,7
平头哥(上海)半导体技术有限公司,3,0.0010402433313435565,1,2,3
北京神州数码云科信息技术有限公司; 神州鲲泰(厦门)信息技术有限公司,4,0.0017859293964665073,0,4,4
北京工业大学,2,0.0007613999993623027,2,0,2
江苏博智软件科技股份有限公司,4,0.002509331380744741,0,4,4
芽米科技(广州)有限公司,10,0.0031144969994374026,0,10,10
田雪松; 北京拓思德科技有限公司; 北京奇禄管理咨询有限公司,4,0.002226036148037369,2,2,4
北京拓思德科技有限公司; 北京奇禄管理咨询有限公司; 田雪松,5,0.004405671421753434,3,2,5
曙光信息产业(北京)有限公司,2,0.0007613999993623027,2,0,2
曙光信息产业股份有限公司,1,0.0010850909959146061,0,1,1
辽宁工程技术大学,2,0.0007613999993623027,2,0,2
山东科技大学,2,0.00132466139922147,0,2,2
北京百度网讯科技有限公司,4,0.0007613999993623027,4,0,4
阿波罗智能技术(北京)有限公司,2,0.001246936494190758,0,2,2
王梅,1,0.0007613999993623027,1,0,1
上海豹云网络信息服务有限公司,2,0.0014807133250340882,0,2,2
中国建设银行股份有限公司,3,0.007266506850405011,1,2,3
建信金融科技有限责任公司,2,0.006952384010062856,1,1,2
西门子公司,9,0.001516840523704277,7,2,9
苹果公司,5,0.0025139720129461686,0,5,5
LG电子株式会社,5,0.0007613999993623027,5,0,5
汤姆逊许可公司,4,0.002032486333031446,1,3,4
河南工学院,1,0.0007613999993623027,1,0,1
合肥智慧龙机械设计有限公司,16,0.006804402627854233,0,16,16
夏普株式会社,2,0.0007613999993623027,2,0,2
株式会社和冠,4,0.002703545978676123,0,4,4
华东师范大学,4,0.000899878666181388,3,1,4
复旦大学,1,0.0010164441441426865,0,1,1
南京晓庄学院,1,0.0007613999993623027,1,0,1
南京硅基智能科技有限公司,2,0.0020561639855715165,0,2,2
哈尔滨理工大学,4,0.0014087819924669094,3,1,4
合肥净龙环保科技有限公司,8,0.0037268451458351034,0,8,8
四川九成信息技术有限公司,4,0.0007613999993623027,4,0,4
福州环亚众志计算机有限公司,3,0.0018943184872953647,0,3,3
西华大学,2,0.0007613999993623027,2,0,2
闽江学院,6,0.0007613999993623027,6,0,6
上海星地通讯工程研究所,3,0.00237985498212382,0,3,3
西安慧脑智能科技有限公司,4,0.0021833283056456355,0,4,4
鲁东大学,1,0.0007613999993623027,1,0,1
江苏大学,6,0.0007613999993623027,6,0,6
合肥九州龙腾科技成果转化有限公司,9,0.0031576793959890797,0,9,9
蚂蚁智信(杭州)信息技术有限公司,2,0.0007613999993623027,2,0,2
支付宝(杭州)信息技术有限公司,2,0.0010850909959146061,1,1,2
无锡桑尼安科技有限公司,1,0.0007613999993623027,1,0,1
环旭电子股份有限公司,1,0.0007613999993623027,1,0,1
环胜电子(深圳)有限公司,1,0.0014087819924669094,0,1,1
东华理工大学,2,0.0007613999993623027,2,0,2
衢州学院,1,0.0010850909959146061,0,1,1
广州诚毅科技咨询有限公司,4,0.0016063046263412695,0,4,4
北京市商汤科技开发有限公司,1,0.0007613999993623027,1,0,1
北京绝影智联科技有限公司,2,0.0020561639855715165,0,2,2
苏宁云商集团股份有限公司,1,0.0007613999993623027,1,0,1
苏宁易购集团股份有限公司,1,0.0014087819924669094,0,1,1
首都师范大学,3,0.0007613999993623027,3,0,3
北方工业大学,3,0.0013008849936161418,1,2,3
深圳市马博士网络科技有限公司,2,0.001157022328481785,0,2,2
北京明略昭辉科技有限公司,1,0.0007613999993623027,1,0,1
上海明胜品智人工智能科技有限公司,3,0.0026550899938386765,0,3,3
姜通渊,1,0.0007613999993623027,1,0,1
青岛大学附属医院,1,0.0014087819924669094,0,1,1
北京拓思德科技有限公司; 田雪松,3,0.0007613999993623027,3,0,3
上海斐讯数据通信技术有限公司; 台州市吉吉知识产权运营有限公司,1,0.0007613999993623027,1,0,1
台州市吉吉知识产权运营有限公司; 上海斐讯数据通信技术有限公司,1,0.0014087819924669094,0,1,1
浪潮卓数大数据产业发展有限公司,4,0.0015315392448210076,1,3,4
浪潮云信息技术股份公司,3,0.002671930499027734,0,3,3
广东工业大学,3,0.0007613999993623027,3,0,3
广州鼎航信息技术服务有限公司,3,0.0014627304918922936,0,3,3
北京中星微电子有限公司,1,0.0007613999993623027,1,0,1
北京中星微电子有限公司; 中星电子股份有限公司,1,0.0014087819924669094,0,1,1
张伟,1,0.0007613999993623027,1,0,1
华为云计算技术有限公司,2,0.0023812281672499205,0,2,2
佛山市幻云科技有限公司,1,0.0007613999993623027,1,0,1
成都鼎智汇科技有限公司,1,0.0009232454976384545,0,1,1
成都理工大学,1,0.0007613999993623027,1,0,1
西安科技大学,2,0.0010850909959146061,1,1,2
瑞典爱立信有限公司,6,0.004097999260818996,2,4,6
杨明,4,0.0007613999993623027,4,0,4
郑州云海信息技术有限公司,3,0.0007613999993623027,3,0,3
浪潮云信息技术有限公司,4,0.0026009813145639613,0,4,4
吴东辉,1,0.0007613999993623027,1,0,1
福建爱特点信息科技有限公司,3,0.002703545978676123,0,3,3
浪潮通信技术有限公司,3,0.006214684002043062,1,2,3
浪潮软件科技有限公司,3,0.006240860905404908,1,2,3
泰州悦诚科技信息咨询中心,2,0.0007613999993623027,2,0,2
读书郎教育科技有限公司,2,0.001732472989019213,0,2,2
黄燕云,1,0.0007613999993623027,1,0,1
日本电气株式会社,3,0.0007613999993623027,3,0,3
瑞萨电子株式会社,3,0.0015166789913176773,0,3,3
上海博泰悦臻电子设备制造有限公司; 上海博泰悦臻网络技术服务有限公司,1,0.0007613999993623027,1,0,1
上海博泰悦臻电子设备制造有限公司,2,0.0014087819924669094,1,1,2
艾利森电话股份有限公司; 克拉斯特有限责任公司,1,0.0007613999993623027,1,0,1
阿里巴巴(中国)有限公司; 优酷网络技术(北京)有限公司,1,0.0007613999993623027,1,0,1
阿里云计算有限公司; 阿里巴巴(中国)有限公司,2,0.0014087819924669094,1,1,2
南方电网数字电网研究院有限公司,2,0.0007613999993623027,2,0,2
南方电网数字平台科技(广东)有限公司,2,0.0013008849936161418,0,2,2
桂林电子科技大学,1,0.0007613999993623027,1,0,1
程博,2,0.0007613999993623027,2,0,2
中国科学院空天信息创新研究院,2,0.001732472989019213,0,2,2
乐天株式会社,4,0.001682289663674487,0,4,4
南通大学,3,0.0007613999993623027,3,0,3
爱特梅尔公司,2,0.0007613999993623027,2,0,2
浙江工业大学,4,0.0007613999993623027,4,0,4
湖州优研知识产权服务有限公司,2,0.0010850909959146061,0,2,2
泰州市朗嘉馨网络科技有限公司,2,0.0014087819924669094,1,1,2
上海臻客信息技术服务有限公司,3,0.0026066340090012295,0,3,3
深圳智链物联科技有限公司,1,0.0007613999993623027,1,0,1
佛山市润千宇知识产权服务有限公司,3,0.001663110632615148,0,3,3
安徽理工大学,1,0.0007613999993623027,1,0,1
中国矿业大学,2,0.0014087819924669094,1,1,2
鸿富锦精密工业(深圳)有限公司; 鸿海精密工业股份有限公司,4,0.0007613999993623027,4,0,4
鸿富锦精密电子(天津)有限公司; 鸿海精密工业股份有限公司,2,0.0009232454976384545,1,1,2
韶关市启之信息技术有限公司,2,0.0007613999993623027,2,0,2
江苏艾德锐电子科技有限公司,1,0.0010850909959146061,0,1,1
阿里巴巴(中国)有限公司,7,0.0010958899971944829,5,2,7
北京意锐新创科技有限公司,1,0.0007613999993623027,1,0,1
中关村科技租赁股份有限公司,1,0.0014087819924669094,0,1,1
浪潮软件集团有限公司,3,0.0007613999993623027,3,0,3
山东爱城市网信息技术有限公司,3,0.0009232454976384545,2,1,3
重庆大学,7,0.0014087819924669094,5,2,7
深圳天珑无线科技有限公司,4,0.002019658148388221,1,3,4
松下电器产业株式会社,4,0.0014979435134868909,3,1,4
腾讯科技(深圳)有限公司,6,0.003193204510484314,4,2,6
深圳市腾讯计算机系统有限公司,3,0.0014402352937336073,2,1,3
南京大学,1,0.0007613999993623027,1,0,1
哈尔滨工业大学,3,0.0014087819924669094,2,1,3
广州小鹏汽车科技有限公司,3,0.007109445430233935,1,2,3
西安工程大学,2,0.0007613999993623027,2,0,2
英业达股份有限公司,2,0.0007613999993623027,2,0,2
英业达科技有限公司; 英业达股份有限公司,3,0.0010850909959146061,2,1,3
深圳市兴海物联科技有限公司,3,0.0018539384999308258,0,3,3
展讯通信(上海)有限公司; 芯鑫融资租赁(北京)有限责任公司; 芯鑫融资租赁(厦门)有限责任公司; 芯鑫融资租赁有限责任公司,4,0.0007613999993623027,4,0,4
芯鑫融资租赁(厦门)有限责任公司; 展讯通信(上海)有限公司; 芯鑫融资租赁(北京)有限责任公司; 芯鑫融资租赁有限责任公司,6,0.005263144954028425,2,4,6
北京房江湖科技有限公司,2,0.004993430286610057,1,1,2
贝壳找房(北京)科技有限公司,2,0.004993430286610057,1,1,2
三菱电机株式会社,3,0.0007613999993623027,3,0,3
沈阳大学,1,0.0007613999993623027,1,0,1
深圳恒远志达信息科技有限公司,2,0.001732472989019213,0,2,2
山东师范大学,5,0.0007613999993623027,5,0,5
浪潮电子信息产业股份有限公司,2,0.0007613999993623027,2,0,2
欧芬诺有限责任公司,3,0.0007613999993623027,3,0,3
荣耀终端有限公司,3,0.0030989691027702966,0,3,3
广州小鹏自动驾驶科技有限公司,2,0.006785754433681631,1,1,2
成都亚度克升科技有限公司,1,0.0007613999993623027,1,0,1
中数智创科技有限公司,1,0.0014087819924669094,0,1,1
田雪松; 北京奇禄管理咨询有限公司; 北京拓思德科技有限公司,2,0.002226036148037369,0,2,2
飞思卡尔半导体公司,4,0.0010850909959146061,3,1,4
恩智浦美国有限公司,2,0.001392629997521094,0,2,2
武汉轻工大学,1,0.0007613999993623027,1,0,1
华东交通大学,3,0.0007613999993623027,3,0,3
广州大鱼创福科技有限公司,9,0.002830710298750242,0,9,9
武汉科技大学,3,0.0007613999993623027,3,0,3
东北大学,1,0.0009771939970638385,0,1,1
黑莓有限公司,1,0.0007613999993623027,1,0,1
上海浪潮云计算服务有限公司,3,0.00133868149809571,1,2,3
武汉康慧然信息技术咨询有限公司,2,0.0007613999993623027,2,0,2
链博(成都)科技有限公司,2,0.001732472989019213,0,2,2
深圳市宇恒互动科技开发有限公司,1,0.0007613999993623027,1,0,1
深圳荞漾人工智能集团有限公司,1,0.0014087819924669094,0,1,1
浙江工商大学,2,0.0007613999993623027,2,0,2
河北凯通信息技术服务有限公司,2,0.0014087819924669094,0,2,2
皇家飞利浦有限公司,4,0.004683453792777993,2,2,4
北京小米移动软件有限公司,6,0.0044777315288903555,1,5,6
脸谱公司,3,0.0016740685440346846,0,3,3
深圳市赛宇景观设计工程有限公司,2,0.0007613999993623027,2,0,2
和宇健康科技股份有限公司,6,0.0027791389876352596,0,6,6
未鲲(上海)科技服务有限公司,1,0.0007613999993623027,1,0,1
憨猴科技集团有限公司,3,0.002148647127443603,0,3,3
乌索投资有限公司,3,0.001946826487865814,0,3,3
河南文正电子数据处理有限公司,1,0.0007613999993623027,1,0,1
广西电网有限责任公司,5,0.001966249819862543,0,5,5
成都市顶钻科技有限公司,2,0.0007613999993623027,2,0,2
广州固融信息科技有限公司,1,0.0010850909959146061,0,1,1
西门子工业公司,3,0.0007613999993623027,3,0,3
苏州天鸣信息科技有限公司,2,0.0007613999993623027,2,0,2
广东高航知识产权运营有限公司,1,0.0010850909959146061,0,1,1
华中科技大学,2,0.0007613999993623027,2,0,2
深圳大学,3,0.0010850909959146061,2,1,3
诺基亚通信公司,4,0.0016462071959766637,2,2,4
展讯通信(上海)有限公司,1,0.0009619483516196169,0,1,1
重庆金融资产交易所有限责任公司,2,0.0007613999993623027,2,0,2
广州宾聚科技有限公司,4,0.0021215616281763847,0,4,4
陈龙,1,0.0007613999993623027,1,0,1
浙江清客云网络科技有限公司,1,0.0014087819924669094,0,1,1
上海朗帛通信技术有限公司,1,0.0007613999993623027,1,0,1
盛趣信息技术(上海)有限公司; 盛大计算机(上海)有限公司,1,0.0007613999993623027,1,0,1
中国地质大学(武汉),2,0.0007613999993623027,2,0,2
诺基亚公司,6,0.0007613999993623027,6,0,6
芯鑫融资租赁有限责任公司; 展讯通信(上海)有限公司; 芯鑫融资租赁(厦门)有限责任公司; 芯鑫融资租赁(北京)有限责任公司,2,0.00113903949533999,0,2,2
鸿富锦精密工业(武汉)有限公司; 鸿海精密工业股份有限公司,2,0.0009232454976384545,1,1,2
海宁经开产业园区开发建设有限公司,1,0.0015463994983243377,0,1,1
洋浦美诺安电子科技有限责任公司,1,0.0007613999993623027,1,0,1
中天宽带技术有限公司,2,0.0010850909959146061,1,1,2
中天宽带技术有限公司; 中天通信技术有限公司,1,0.0016840170041817662,0,1,1
山东浪潮人工智能研究院有限公司,3,0.0013245136082420258,2,1,3
山东浪潮科学研究院有限公司,2,0.0018876272171217485,0,2,2
西门子公司; 西门子医疗有限公司,2,0.000945650148405475,1,1,2
山东汇贸电子口岸有限公司,4,0.0007613999993623027,4,0,4
山东交通学院,1,0.0007613999993623027,1,0,1
华南理工大学,2,0.0007613999993623027,2,0,2
上海海事大学,1,0.0010850909959146061,0,1,1
瞻博网络公司,1,0.0007613999993623027,1,0,1
慧与发展有限责任合伙企业,3,0.0021937814914289445,0,3,3
西安元朔科技有限公司,1,0.0007613999993623027,1,0,1
西北工业大学,1,0.0014087819924669094,0,1,1
腾讯云计算(北京)有限责任公司,2,0.0020525733008661313,0,2,2
北京英迈琪科技有限公司,1,0.0007613999993623027,1,0,1
四川中电启明星信息技术有限公司,1,0.0014087819924669094,0,1,1
中北大学,1,0.0007613999993623027,1,0,1
中国科学院地理科学与资源研究所,1,0.0007613999993623027,1,0,1
昆明理工大学,1,0.0014087819924669094,0,1,1
惠普开发有限公司,2,0.0007613999993623027,2,0,2
王彬,1,0.0007613999993623027,1,0,1
浩德科技股份有限公司,3,0.002703545978676123,0,3,3
北华航天工业学院,2,0.0007613999993623027,2,0,2
安徽师范大学,1,0.0007613999993623027,1,0,1
汤姆森许可贸易公司,2,0.0007613999993623027,2,0,2
交互数字VC控股公司,1,0.0010850909959146061,0,1,1
艾利森电话股份有限公司,2,0.0007613999993623027,2,0,2
南方电网数字电网科技(广东)有限公司,3,0.0017163209940733975,0,3,3
合肥龙智机电科技有限公司,6,0.00304355174458324,0,6,6
北京金山安全软件有限公司,2,0.0014087819924669094,1,1,2
珠海豹趣科技有限公司,1,0.001959252015896623,0,1,1
浙江省北大信息技术高等研究院; 杭州未名信科科技有限公司,1,0.0007613999993623027,1,0,1
杭州未名信科科技有限公司; 浙江省北大信息技术高等研究院,1,0.0014087819924669094,0,1,1
天聚地合(苏州)数据股份有限公司,2,0.0028025169749839687,0,2,2
深圳市商汤科技有限公司,1,0.0007613999993623027,1,0,1
刘勇,1,0.0007613999993623027,1,0,1
北京创鑫旅程网络技术有限公司,1,0.0014087819924669094,0,1,1
北京神州数码云科信息技术有限公司,2,0.0008333313319294813,1,1,2
上海交通大学,1,0.0007613999993623027,1,0,1
广东电网有限责任公司广州供电局,1,0.0014087819924669094,0,1,1
北京迈格威科技有限公司,2,0.0007613999993623027,2,0,2
迈驰智行(重庆)科技有限公司,2,0.0013008849936161418,0,2,2
湖南大学,1,0.0007613999993623027,1,0,1
南京信息工程大学,2,0.0014087819924669094,1,1,2
杭州师范大学钱江学院,3,0.0007613999993623027,3,0,3
华为终端有限公司,2,0.0017338461741453137,1,1,2
深圳光启合众科技有限公司,1,0.0007613999993623027,1,0,1
深圳光启空间技术有限公司,1,0.0014087819924669094,0,1,1
华为数字技术(苏州)有限公司,1,0.0007613999993623027,1,0,1
武汉斗鱼网络科技有限公司,4,0.0007613999993623027,4,0,4
重庆贝奥新视野医疗设备有限公司,2,0.0010527218962593757,0,2,2
西门子医疗有限公司,3,0.0018223946512724624,0,3,3
莱芜职业技术学院,1,0.0007613999993623027,1,0,1
燕山大学,3,0.0007613999993623027,3,0,3
广州酷狗计算机科技有限公司; 成都酷狗创业孵化器管理有限公司,2,0.004993430286610057,1,1,2
成都酷狗创业孵化器管理有限公司; 广州酷狗计算机科技有限公司,2,0.004993430286610057,1,1,2
西门子(中国)有限公司,2,0.0007613999993623027,2,0,2
索尼公司,2,0.0009619483516196169,1,1,2
蚂蚁区块链科技(上海)有限公司,3,0.0026550899938386765,0,3,3
许昌学院,2,0.0009232454976384545,1,1,2
阿里云计算有限公司,3,0.002238095347877876,0,3,3
成都格瑞思文化传播有限公司,1,0.0007613999993623027,1,0,1
北京盟创科技有限公司,1,0.0014087819924669094,0,1,1
富士通株式会社,2,0.0007613999993623027,2,0,2
陕西师范大学,4,0.0012227085017720344,3,1,4
淮阴工学院,7,0.0007613999993623027,7,0,7
南昌大学,1,0.0007613999993623027,1,0,1
长安大学,8,0.0007613999993623027,8,0,8
中咨数据有限公司; 中国公路工程咨询集团有限公司,2,0.0011660137450526821,0,2,2
云南大学,1,0.0007613999993623027,1,0,1
成都汇智远景科技有限公司,3,0.0007613999993623027,3,0,3
常州工学院,1,0.0007613999993623027,1,0,1
北京百卓网络技术有限公司,2,0.0015166789913176773,0,2,2
吉林大学,1,0.0007613999993623027,1,0,1
湖北华中电力科技开发有限责任公司,7,0.0027874364264983084,0,7,7
浙江知多多网络科技有限公司,2,0.0018998110018833016,0,2,2
阿里巴巴达摩院(杭州)科技有限公司,4,0.0021667367978951985,0,4,4
诺基亚西门子通信公司,1,0.0008692969982130706,0,1,1
天津职业技术师范大学,1,0.0007613999993623027,1,0,1
中国人民解放军国防科学技术大学,1,0.0007613999993623027,1,0,1
中国人民解放军国防科技大学,1,0.0014087819924669094,0,1,1
富泰华工业(深圳)有限公司; 鸿海精密工业股份有限公司,1,0.0007613999993623027,1,0,1
嘉善县魏塘资产管理有限公司,3,0.0028411634845335516,0,3,3
上海闻泰电子科技有限公司,1,0.0007613999993623027,1,0,1
上海闻泰信息技术有限公司,1,0.0014087819924669094,0,1,1
重庆知遨科技有限公司,1,0.0007613999993623027,1,0,1
青岛科技大学,1,0.0014087819924669094,0,1,1
TCL通讯(宁波)有限公司,3,0.0013905106286397338,1,2,3
中国石油大学(华东),2,0.0014087819924669094,1,1,2
哈尔滨工程大学,3,0.001959252015896623,2,1,3
黑龙江科技大学,1,0.0011606840048737426,0,1,1
惠州TCL移动通信有限公司,7,0.0007613999993623027,7,0,7
RPX公司,1,0.0008692969982130706,0,1,1
捷讯研究有限公司,2,0.0013008849936161418,0,2,2
美国西门子医疗解决公司,2,0.0007613999993623027,2,0,2
西门子保健有限责任公司,2,0.0012693411449577784,0,2,2
河北大学,1,0.0010850909959146061,0,1,1
上海斐讯数据通信技术有限公司,6,0.0016245759901684451,4,2,6
曙光星云信息技术(北京)有限公司,1,0.001106735505448359,0,1,1
芯鑫融资租赁(北京)有限责任公司; 展讯通信(上海)有限公司; 芯鑫融资租赁(厦门)有限责任公司; 芯鑫融资租赁有限责任公司,3,0.0015463994983243377,2,1,3
展讯通信(上海)有限公司; 芯鑫融资租赁(厦门)有限责任公司; 芯鑫融资租赁(北京)有限责任公司; 芯鑫融资租赁有限责任公司,3,0.0016346322393270805,1,2,3
纽昂斯通讯公司,2,0.0008261381986727634,1,1,2
中国南方电网有限责任公司; 南方电网数字电网研究院股份有限公司,3,0.0007613999993623027,3,0,3
北京旷视科技有限公司,3,0.0007613999993623027,3,0,3
王龙,2,0.0007613999993623027,2,0,2
安华高科技杰纳勒尔IP(新加坡)私人有限公司,1,0.0007613999993623027,1,0,1
原相科技股份有限公司,3,0.0014087819924669094,2,1,3
北京嘉沐安科技有限公司,1,0.0007613999993623027,1,0,1
农夫铺子发展集团有限公司,1,0.0014087819924669094,0,1,1
雷飏,1,0.0007613999993623027,1,0,1
平安普惠企业管理有限公司,6,0.0007613999993623027,6,0,6
浙江大学,1,0.0007613999993623027,1,0,1
通用电气公司,1,0.0007613999993623027,1,0,1
ABB瑞士股份有限公司,1,0.0014087819924669094,0,1,1
阿里巴巴新加坡控股有限公司,4,0.0008538831412343895,3,1,4
青岛民航凯亚系统集成有限公司,2,0.0019180659401660948,0,2,2
南方电网互联网服务有限公司,6,0.001858330187676786,0,6,6
西南科技大学,2,0.0007613999993623027,2,0,2
芯鑫融资租赁有限责任公司; 芯鑫融资租赁(厦门)有限责任公司; 展讯通信(上海)有限公司; 芯鑫融资租赁(北京)有限责任公司,2,0.0009232454976384545,1,1,2
广西师范大学,3,0.0007613999993623027,3,0,3
清华大学,1,0.0007613999993623027,1,0,1
赛特斯信息科技股份有限公司,4,0.002264251054783711,0,4,4
苏州科技大学,1,0.0007613999993623027,1,0,1
同盾控股有限公司,1,0.0007613999993623027,1,0,1
广州酷狗计算机科技有限公司,2,0.0020525733008661313,0,2,2
常州信息职业技术学院,1,0.0007613999993623027,1,0,1
上海科斗电子科技有限公司,1,0.0007613999993623027,1,0,1
国网上海市电力公司,5,0.0023798549821238196,0,5,5
西门子股份公司,4,0.0013008849936161418,2,2,4
电子科技大学中山学院,2,0.0007613999993623027,2,0,2
联发科技股份有限公司,2,0.002817558245443466,0,2,2
广州中天科技咨询有限公司,3,0.0017681501246174212,0,3,3
深圳泓越企业管理咨询有限公司,3,0.0013933681354882286,0,3,3
辽东学院,1,0.0007613999993623027,1,0,1
常熟理工学院,1,0.0014087819924669094,0,1,1
湖南科技学院; 龙图腾网科技(合肥)股份有限公司,1,0.0007613999993623027,1,0,1
龙图腾网科技(合肥)股份有限公司; 深圳龙图腾科技成果转化有限公司,1,0.0014087819924669094,0,1,1
中南大学,2,0.0007613999993623027,2,0,2
西安交通大学,3,0.0007613999993623027,3,0,3
宁波大学,4,0.0007613999993623027,4,0,4
重庆理工大学,2,0.0011606840048737426,1,1,2
刘强,1,0.0007613999993623027,1,0,1
山东理工大学,1,0.0014087819924669094,0,1,1
广州明森科技股份有限公司,1,0.0010850909959146061,0,1,1
成都信息工程大学,6,0.0007613999993623027,6,0,6
重庆誉存大数据科技有限公司,1,0.0008692969982130706,0,1,1
京东方科技集团股份有限公司,1,0.0010850909959146061,0,1,1
宇龙计算机通信科技(深圳)有限公司,2,0.0007613999993623027,2,0,2
金陵科技学院,1,0.0007613999993623027,1,0,1
展讯通信(上海)有限公司; 芯鑫融资租赁有限责任公司; 芯鑫融资租赁(北京)有限责任公司; 芯鑫融资租赁(厦门)有限责任公司,1,0.0029993337459983983,0,1,1
歌尔光学科技有限公司,2,0.0007613999993623027,2,0,2
歌尔股份有限公司,1,0.0010850909959146061,0,1,1
辛纳普蒂克斯公司,1,0.0007613999993623027,1,0,1
暨南大学,1,0.0007613999993623027,1,0,1
四川轻化工大学,1,0.0007613999993623027,1,0,1
智博云信息科技(广州)有限公司,1,0.0014087819924669094,0,1,1
北京旷视科技有限公司; 北京迈格威科技有限公司,2,0.0007613999993623027,2,0,2
原力图新(重庆)科技有限公司,2,0.0013008849936161418,0,2,2
天地伟业技术有限公司,1,0.0007613999993623027,1,0,1
天津天地伟业信息系统集成有限公司; 天地伟业技术有限公司,1,0.0014087819924669094,0,1,1
原力金智(重庆)科技有限公司,3,0.0016245759901684451,0,3,3
展讯通信(上海)有限公司; 芯鑫融资租赁(北京)有限责任公司; 芯鑫融资租赁有限责任公司; 芯鑫融资租赁(厦门)有限责任公司,3,0.0007613999993623027,3,0,3
芯鑫融资租赁有限责任公司; 展讯通信(上海)有限公司; 芯鑫融资租赁(北京)有限责任公司; 芯鑫融资租赁(厦门)有限责任公司,2,0.00113903949533999,0,2,2
南京中兴新软件有限责任公司; 中兴通讯股份有限公司,2,0.004993430286610057,1,1,2
中兴通讯股份有限公司; 南京中兴新软件有限责任公司,2,0.004993430286610057,1,1,2
北京四方继保自动化股份有限公司,1,0.0007613999993623027,1,0,1
北京四方继保自动化股份有限公司; 北京四方继保工程技术有限公司,1,0.0014087819924669094,0,1,1
高秀丽,1,0.0007613999993623027,1,0,1
石家庄铁道大学,3,0.0007613999993623027,3,0,3
展讯通信(上海)有限公司; 芯鑫融资租赁(厦门)有限责任公司; 芯鑫融资租赁有限责任公司; 芯鑫融资租赁(北京)有限责任公司,3,0.003215127743699934,1,2,3
深圳格隆汇信息科技有限公司,1,0.0009771939970638385,0,1,1
华为技术有限公司; 华为数字技术(成都)有限公司,1,0.0007613999993623027,1,0,1
超聚变数字技术有限公司; 华为技术有限公司,2,0.0020561639855715165,0,2,2
东旭科技集团有限公司,4,0.0019519720696217727,0,4,4
北京天仪百康科贸有限公司,2,0.0007613999993623027,2,0,2
中科柏诚科技(北京)股份有限公司,2,0.001431638153518482,0,2,2
陕西合友网络科技有限公司,2,0.0019180659401660948,0,2,2
知识产权之桥一号有限责任公司,4,0.0022865128572387866,0,4,4
齐齐哈尔大学,1,0.0007613999993623027,1,0,1
东北石油大学,2,0.0014087819924669094,1,1,2
南昌欧菲光科技有限公司,2,0.0007613999993623027,2,0,2
安徽精卓光显技术有限责任公司,2,0.0020077080007340695,0,2,2
淮阴工学院; 龙图腾网科技(合肥)股份有限公司,1,0.0007613999993623027,1,0,1
东北林业大学,1,0.0007613999993623027,1,0,1
李炳勇,1,0.0007613999993623027,1,0,1
北京国联视讯信息技术股份有限公司,1,0.0014087819924669094,0,1,1
江西山水光电科技股份有限公司,1,0.001106735505448359,0,1,1
陈静,1,0.0017338461741453137,0,1,1
西安航空学院,2,0.0008423227485003786,1,1,2
浙江理工大学,4,0.0007613999993623027,4,0,4
中兴通讯股份有限公司; 南京中兴软件有限责任公司,1,0.0007613999993623027,1,0,1
南京中兴软件有限责任公司; 中兴通讯股份有限公司,1,0.0014087819924669094,0,1,1
中兴通讯股份有限公司,6,0.0007613999993623027,6,0,6
杭州电子科技大学上虞科学与工程研究院有限公司; 杭州电子科技大学,1,0.0008423227485003786,0,1,1
北京深鉴智能科技有限公司; 北京深鉴科技有限公司,1,0.0007613999993623027,1,0,1
北京深鉴科技有限公司; 北京深鉴智能科技有限公司,1,0.0014087819924669094,0,1,1
王洁,1,0.0007613999993623027,1,0,1
北京奇禄管理咨询有限公司; 北京拓思德科技有限公司; 田雪松,4,0.0031725005493680263,1,3,4
芯鑫融资租赁(北京)有限责任公司; 展讯通信(上海)有限公司; 芯鑫融资租赁有限责任公司; 芯鑫融资租赁(厦门)有限责任公司,3,0.0007613999993623027,3,0,3
展讯通信(上海)有限公司; 芯鑫融资租赁有限责任公司; 芯鑫融资租赁(厦门)有限责任公司; 芯鑫融资租赁(北京)有限责任公司,2,0.0016346322393270805,0,2,2
黑龙江大学,1,0.0007613999993623027,1,0,1
索尼株式会社,2,0.0007613999993623027,2,0,2
杭州海康威视数字技术股份有限公司,2,0.001149829195225067,0,2,2
华为软件技术有限公司,2,0.0017338461741453137,1,1,2
安徽大学,2,0.0010850909959146061,0,2,2
赛普拉斯半导体公司,1,0.0007613999993623027,1,0,1
抖音视界有限公司,1,0.0007613999993623027,1,0,1
北京火山引擎科技有限公司,2,0.0020561639855715165,0,2,2
西门子医疗有限公司; 西门子医疗股份公司,1,0.0015654580409283237,0,1,1
武汉安辰鑫信息科技有限公司,2,0.0010234355679998818,0,2,2
北京书生国际信息技术有限公司; 北京书生数字图书馆软件技术有限公司; 北京书生网络技术有限公司; 北京书生电子技术有限公司,1,0.0007613999993623027,1,0,1
北京书生电子技术有限公司; 天津书生软件技术有限公司,1,0.0014087819924669094,0,1,1
上海电机学院,1,0.0012227085017720344,0,1,1
无锡北斗星通信息科技有限公司,2,0.0010850909959146061,1,1,2
罗普特(厦门)科技集团有限公司,2,0.0019235874074886301,0,2,2
华南师范大学,1,0.0007613999993623027,1,0,1
湖南工业大学,1,0.0007613999993623027,1,0,1
山东科技职业学院,1,0.0007613999993623027,1,0,1
沈阳黑豹科技有限公司,1,0.0014087819924669094,0,1,1
起源资产集团有限责任公司,1,0.002579984881856661,0,1,1
中国农业大学,1,0.0007613999993623027,1,0,1
深兰人工智能芯片研究院(江苏)有限公司,1,0.0007613999993623027,1,0,1
深兰机器人(上海)有限公司,2,0.0036252019043995993,0,2,2
北京东土科技股份有限公司,1,0.0008076415702983461,0,1,1
重庆工程职业技术学院,1,0.0010850909959146061,0,1,1
湖州创感科技有限公司,1,0.0009232454976384545,0,1,1
佳世达科技股份有限公司,1,0.0007613999993623027,1,0,1
友达光电股份有限公司,2,0.0014735201917773703,0,2,2
深圳市腾讯计算机系统有限公司; 腾讯科技(深圳)有限公司,1,0.0014402352937336073,0,1,1
维沃移动通信有限公司,1,0.0025037738567363133,0,1,1
王刚,1,0.0007613999993623027,1,0,1
无锡臻永科技有限公司,3,0.0023798549821238196,0,3,3
国网山东省电力公司电力科学研究院; 国家电网有限公司,1,0.0007613999993623027,1,0,1
国网智能科技股份有限公司,1,0.0014087819924669094,0,1,1
NXP股份有限公司,2,0.0014087819924669094,1,1,2
台湾积体电路制造股份有限公司,1,0.001959252015896623,0,1,1
浪潮(北京)电子信息产业有限公司,3,0.0009771939970638385,2,1,3
西门子瑞士有限公司,2,0.0015302475033785222,0,2,2
王锐,1,0.0010850909959146061,0,1,1
厦门美图移动科技有限公司,2,0.0007613999993623027,2,0,2
芜湖中浦智能装备有限公司,3,0.0017302585751178094,0,3,3
南京邮电大学,1,0.0007613999993623027,1,0,1
中国科学院声学研究所,1,0.0007613999993623027,1,0,1
郑州芯兰德网络科技有限公司,1,0.0014087819924669094,0,1,1
奕力科技(开曼)股份有限公司; 奕力科技股份有限公司,2,0.004993430286610057,1,1,2
奕力科技股份有限公司; 奕力科技(开曼)股份有限公司,2,0.004993430286610057,1,1,2
南昌欧菲显示科技有限公司,2,0.0010850909959146061,1,1,2
深圳富泰宏精密工业有限公司,1,0.0009232454976384545,0,1,1
南京鑫和汇通电子科技有限公司,1,0.0007613999993623027,1,0,1
深圳市凌晨知识产权运营有限公司,2,0.0015012651343389962,0,2,2
黄河科技学院,2,0.0007613999993623027,2,0,2
三洋电机株式会社,2,0.0007613999993623027,2,0,2
"惠普发展公司, 有限责任合伙企业",2,0.0007613999993623027,2,0,2
深圳富泰宏精密工业有限公司; 奇美通讯股份有限公司,1,0.0007613999993623027,1,0,1
国云科技股份有限公司,1,0.0009771939970638385,0,1,1
北京奇虎科技有限公司,3,0.0020077080007340695,1,2,3
北京奇安信科技有限公司,2,0.003115917956700415,0,2,2
深圳市英威诺科技有限公司,1,0.0007613999993623027,1,0,1
上海兆言网络科技有限公司,1,0.0014087819924669094,0,1,1
税友软件集团股份有限公司,1,0.0009771939970638385,0,1,1
出门问问信息科技有限公司,1,0.0007613999993623027,1,0,1
北京羽扇智信息科技有限公司,1,0.0014087819924669094,0,1,1
交互数字专利控股公司,1,0.0008908763979832241,0,1,1
百度在线网络技术(北京)有限公司,2,0.0007613999993623027,2,0,2
阿波罗智联(北京)科技有限公司,2,0.001246936494190758,0,2,2
算丰科技(北京)有限公司; 北京比特大陆科技有限公司,1,0.0007613999993623027,1,0,1
北京比特大陆科技有限公司; 算丰科技(北京)有限公司,1,0.0014087819924669094,0,1,1
富士施乐株式会社,1,0.0010850909959146061,0,1,1
诺基亚有限公司,2,0.0007613999993623027,2,0,2
青海大学,2,0.0007613999993623027,2,0,2
广东培正学院,1,0.0007613999993623027,1,0,1
同方计算机有限公司,1,0.0014087819924669094,0,1,1
四川虹微技术有限公司,2,0.0007613999993623027,2,0,2
四川长虹电器股份有限公司,1,0.0010850909959146061,0,1,1
深圳信息职业技术学院,1,0.0007613999993623027,1,0,1
株式会社NTT都科摩,1,0.0007613999993623027,1,0,1
曙光信息产业(北京)有限公司; 曙光信息产业股份有限公司,1,0.0010850909959146061,0,1,1
X开发有限责任公司,2,0.00228953402995445,1,1,2
西安电子科技大学,2,0.0007613999993623027,2,0,2
江苏濠汉信息技术有限公司,1,0.0010850909959146061,0,1,1
上海汽车集团股份有限公司,1,0.001959252015896623,0,1,1
广州知弘科技有限公司,2,0.0007613999993623027,2,0,2
城云科技(中国)有限公司,2,0.0014087819924669094,0,2,2
张霞,1,0.0007613999993623027,1,0,1
苏州浪潮智能科技有限公司,4,0.0017163209940733975,1,3,4
中国地质大学(北京),1,0.0007613999993623027,1,0,1
交互数字CE专利控股公司,2,0.002813300510569238,0,2,2
上海工业控制安全创新科技有限公司,2,0.0016638261372472932,0,2,2
南方电网科学研究院有限责任公司,1,0.0009232454976384545,0,1,1
西安石油大学,2,0.0009771939970638385,1,1,2
中国石油大学(北京),1,0.001592272000276814,0,1,1
卡西欧计算机株式会社,1,0.0007613999993623027,1,0,1
宁波三博电子科技有限公司,1,0.0007613999993623027,1,0,1
中国科学院遥感与数字地球研究所,1,0.0007613999993623027,1,0,1
盐城工学院,4,0.0007613999993623027,4,0,4
郑州航空工业管理学院,2,0.0010850909959146061,1,1,2
浪潮集团有限公司,3,0.0013245136082420258,2,1,3
歌尔科技有限公司,1,0.0010850909959146061,0,1,1
哈尔滨工业大学(威海),1,0.0007613999993623027,1,0,1
北京字节跳动网络技术有限公司,1,0.0007613999993623027,1,0,1
威海海洋职业学院,1,0.0007613999993623027,1,0,1
神盾股份有限公司,1,0.0013603260076294626,0,1,1
因芬尼昂技术股份公司,4,0.0012693411449577784,2,2,4
安庆师范大学,2,0.0007613999993623027,2,0,2
诺基亚公司; 诺基亚技术有限公司,1,0.0008692969982130706,0,1,1
诺基亚技术有限公司; 诺基亚公司,1,0.0008692969982130706,0,1,1
闪迪技术公司; 西部数据技术公司,1,0.0007613999993623027,1,0,1
西部数据技术公司; 闪迪技术公司,1,0.0014087819924669094,0,1,1
广州威创信息技术有限公司,1,0.0007613999993623027,1,0,1
广东奥飞数据科技股份有限公司,2,0.0020561639855715165,0,2,2
齐鲁工业大学,1,0.0007613999993623027,1,0,1
浙江丰能医药科技有限公司,1,0.0014087819924669094,0,1,1
华为技术有限公司; 华为软件技术有限公司,1,0.0007613999993623027,1,0,1
广东电网有限责任公司电力调度控制中心,1,0.0007613999993623027,1,0,1
南方电网电力科技股份有限公司,2,0.0020561639855715165,0,2,2
绥化学院,1,0.0007613999993623027,1,0,1
创新先进技术有限公司,1,0.0008538831412343895,0,1,1
长春工业大学,1,0.0007613999993623027,1,0,1
无锡学院,1,0.0014087819924669094,0,1,1
谷歌有限责任公司,3,0.0029087569633037885,1,2,3
河西学院,1,0.0007613999993623027,1,0,1
杭州师范大学,1,0.0009771939970638385,0,1,1
北京航空航天大学,2,0.0007613999993623027,2,0,2
北京科技大学,1,0.0007613999993623027,1,0,1
武汉烽火信息集成技术有限公司,1,0.0010850909959146061,0,1,1
英业达集团(天津)电子技术有限公司; 英业达股份有限公司,1,0.0007613999993623027,1,0,1
吴少凡,1,0.0007613999993623027,1,0,1
北京星诺科技有限公司,1,0.0014087819924669094,0,1,1
贵州众量鑫科技有限公司,1,0.0010850909959146061,0,1,1
深圳艺达文化传媒有限公司,1,0.0007613999993623027,1,0,1
上海明略人工智能(集团)有限公司,2,0.0007613999993623027,2,0,2
滨州学院,1,0.0007613999993623027,1,0,1
LSI公司,1,0.0007613999993623027,1,0,1
安华高科技股份有限公司,2,0.0020561639855715165,0,2,2
好活(昆山)网络科技有限公司,1,0.0008333313319294813,0,1,1
南京师范大学,1,0.0007613999993623027,1,0,1
常熟南师大发展研究院有限公司,2,0.001538258391087831,0,2,2
沈阳航空航天大学,1,0.0007613999993623027,1,0,1
山东公链信息科技有限公司,1,0.0007613999993623027,1,0,1
武汉大学,1,0.0007613999993623027,1,0,1
深圳市汇顶科技股份有限公司,3,0.0014087819924669094,2,1,3
深圳大图科创技术开发有限公司,1,0.0007613999993623027,1,0,1
浙江菜鸟供应链管理有限公司,2,0.0010958899971944829,0,2,2
太仓红码软件技术有限公司,2,0.0007613999993623027,2,0,2
奇智软件(北京)有限公司,2,0.0007613999993623027,2,0,2
陕西科技大学,1,0.0007613999993623027,1,0,1
华为数字技术(成都)有限公司; 华为技术有限公司,1,0.0007613999993623027,1,0,1
华为技术有限公司; 超聚变数字技术有限公司,1,0.0014087819924669094,0,1,1
上海观安信息技术股份有限公司,2,0.0010157286395105411,0,2,2
深圳先进技术研究院,1,0.0007613999993623027,1,0,1
思科技术公司,1,0.0008261381986727634,0,1,1
张仁平,2,0.0007613999993623027,2,0,2
北京奇虎科技有限公司; 奇智软件(北京)有限公司,1,0.0007613999993623027,1,0,1
北京京东尚科信息技术有限公司; 北京京东世纪贸易有限公司,1,0.0007613999993623027,1,0,1
北京京东乾石科技有限公司,1,0.0014087819924669094,0,1,1
北京建筑大学,1,0.0009232454976384545,0,1,1
株式会社日立制作所,2,0.0007613999993623027,2,0,2
烽火通信科技股份有限公司,1,0.0007613999993623027,1,0,1
烽火通信科技股份有限公司; 武汉飞思灵微电子技术有限公司,1,0.0014087819924669094,0,1,1
拉扎斯网络科技(上海)有限公司,1,0.0009477601894714697,0,1,1
深圳传音控股股份有限公司,2,0.0020575371706976174,0,2,2
深兰科技(上海)有限公司,3,0.0026066340090012295,1,2,3
南京交通职业技术学院,1,0.0007613999993623027,1,0,1
北京掌行通信息技术有限公司,1,0.0010850909959146061,0,1,1
英飞凌科技股份有限公司,2,0.0014852966750459138,0,2,2
北京嘀嘀无限科技发展有限公司,1,0.0007613999993623027,1,0,1
北京骑胜科技有限公司,1,0.0014087819924669094,0,1,1
青岛理工大学,1,0.0009771939970638385,0,1,1
京信通信系统(中国)有限公司; 京信通信系统(广州)有限公司; 京信通信技术(广州)有限公司; 天津京信通信系统有限公司,2,0.0014087819924669094,1,1,2
京信通信系统(中国)有限公司,1,0.001959252015896623,0,1,1
徐州工业职业技术学院,2,0.0007613999993623027,2,0,2
慈溪市上林电子科技有限公司,1,0.0010850909959146061,0,1,1
王杰,1,0.0007613999993623027,1,0,1
暗物智能科技(广州)有限公司,1,0.0010850909959146061,0,1,1
苏州鱼得水电气科技有限公司,1,0.0017338461741453137,0,1,1
上海连尚网络科技有限公司,1,0.0019426287068046875,0,1,1
盐城工学院; 盐城工学院技术转移中心有限公司,1,0.0009232454976384545,0,1,1
曲阜师范大学,1,0.0007613999993623027,1,0,1
西尔弗布鲁克研究股份有限公司,1,0.0007613999993623027,1,0,1
国电南瑞科技股份有限公司,2,0.0007613999993623027,2,0,2
国电南瑞科技股份有限公司; 南瑞集团有限公司,1,0.0010850909959146061,0,1,1
东南大学,1,0.0007613999993623027,1,0,1
烽火通信科技股份有限公司; 武汉长江计算科技有限公司,1,0.0007613999993623027,1,0,1
武汉长江计算科技有限公司; 烽火通信科技股份有限公司,1,0.0014087819924669094,0,1,1
辽宁科技大学,1,0.0007613999993623027,1,0,1
秒针信息技术有限公司,2,0.0010850909959146061,1,1,2
广东电网有限责任公司电力科学研究院,1,0.0007613999993623027,1,0,1
奇智软件(北京)有限公司; 北京奇虎科技有限公司,2,0.0010850909959146061,1,1,2
杨娟,2,0.0007613999993623027,2,0,2
鸿海精密工业股份有限公司; 鸿富锦精密工业(深圳)有限公司,1,0.0007613999993623027,1,0,1
南京林业大学,1,0.0007613999993623027,1,0,1
南京理工大学,1,0.0014087819924669094,0,1,1
湖南新云网科技有限公司,1,0.0010850909959146061,0,1,1
王美金,1,0.0007613999993623027,1,0,1
国电南瑞科技股份有限公司; 国电南瑞南京控制系统有限公司,1,0.0010850909959146061,0,1,1
中山大学,1,0.0007613999993623027,1,0,1
广州视源电子科技股份有限公司,1,0.0014087819924669094,0,1,1
阿尔特拉公司,2,0.0009619483516196169,1,1,2
深圳市华熹投资有限公司,1,0.0008538831412343895,0,1,1
美国博通公司,2,0.0007613999993623027,2,0,2
京信通信技术(广州)有限公司,1,0.0007613999993623027,1,0,1
安科机器人有限公司,1,0.0007613999993623027,1,0,1
广元量知汇科技有限公司,2,0.0007613999993623027,2,0,2
天津师范大学,1,0.0007613999993623027,1,0,1
西安邮电大学,1,0.0007613999993623027,1,0,1
苏州大学张家港工业技术研究院; 苏州大学,1,0.0007613999993623027,1,0,1
苏州大学,1,0.0014087819924669094,0,1,1
蚌埠科睿达机械设计有限公司,1,0.0010850909959146061,0,1,1
北京天融信网络安全技术有限公司; 北京天融信科技有限公司; 北京天融信软件有限公司,1,0.0013603260076294626,0,1,1
四川新环佳科技发展有限公司,1,0.0007613999993623027,1,0,1
刘伟,1,0.0007613999993623027,1,0,1
泰州无印广告传媒有限公司,1,0.0009232454976384545,0,1,1
摩托罗拉公司,2,0.0007613999993623027,2,0,2
中国科学院上海微系统与信息技术研究所,1,0.0007613999993623027,1,0,1
上海无线通信研究中心,1,0.0014087819924669094,0,1,1
乐视网信息技术(北京)股份有限公司,1,0.0007613999993623027,1,0,1
皇家菲利浦电子有限公司,1,0.0007613999993623027,1,0,1
南方电网数字电网研究院股份有限公司,3,0.0009771939970638385,2,1,3
深圳市兆能讯通科技有限公司,2,0.0014807133250340882,0,2,2
西安建筑科技大学,1,0.0007613999993623027,1,0,1
成都希盟泰克科技发展有限公司,1,0.0010009704026691668,0,1,1
南京南瑞继保电气有限公司; 南京南瑞继保工程技术有限公司,1,0.0007613999993623027,1,0,1
昆明电力交易中心有限责任公司,1,0.0014087819924669094,0,1,1
爱云保(上海)科技有限公司,1,0.0008333313319294813,0,1,1
汪风珍,1,0.0007613999993623027,1,0,1
重庆工业职业技术学院,1,0.0007613999993623027,1,0,1
池州市谦跃信息技术有限公司,1,0.0008538831412343895,0,1,1
东莞市华睿电子科技有限公司,2,0.0007613999993623027,2,0,2
蒋兴德,2,0.0007613999993623027,2,0,2
诺基亚(中国)投资有限公司; 诺基亚公司,1,0.0007613999993623027,1,0,1
诺基亚公司; 诺基亚(中国)投资有限公司,1,0.0014087819924669094,0,1,1
浙江师范大学,1,0.0007613999993623027,1,0,1
莫毓昌,1,0.0014087819924669094,0,1,1
优视科技有限公司,1,0.0009477601894714697,0,1,1
重庆智韬信息技术中心,1,0.0007613999993623027,1,0,1
新华三技术有限公司,1,0.0009771939970638385,0,1,1
阿尔卡特朗讯,2,0.0007613999993623027,2,0,2
四川旅投数字信息产业发展有限责任公司,1,0.001106735505448359,0,1,1
上海斐讯数据通信技术有限公司; 四川斐讯信息技术有限公司; 杭州吉吉知识产权运营有限公司,1,0.0007613999993623027,1,0,1
杭州吉吉知识产权运营有限公司; 上海斐讯数据通信技术有限公司; 湖州帷幄知识产权运营有限公司,1,0.0014087819924669094,0,1,1
国家计算机网络与信息安全管理中心,1,0.0008692969982130706,0,1,1
江南大学,1,0.0007613999993623027,1,0,1
南方电网数字企业科技(广东)有限公司,1,0.0011768359998195585,0,1,1
支付宝(杭州)信息技术有限公司; 蚂蚁区块链科技(上海)有限公司,1,0.0007613999993623027,1,0,1
同济大学,1,0.0007613999993623027,1,0,1
珠海市君天电子科技有限公司,1,0.0007613999993623027,1,0,1
金润方舟科技股份有限公司,1,0.0010850909959146061,0,1,1
财团法人工业技术研究院,1,0.0007613999993623027,1,0,1
宏碁股份有限公司,1,0.0014087819924669094,0,1,1
富士胶片株式会社,1,0.0007613999993623027,1,0,1
小米科技有限责任公司,1,0.0007613999993623027,1,0,1
山东建筑大学,1,0.0007613999993623027,1,0,1
中国科学院深圳先进技术研究院,1,0.0007613999993623027,1,0,1
兰州大学,1,0.001959252015896623,0,1,1
维谛技术有限公司,1,0.0007613999993623027,1,0,1
南京理工大学连云港研究院,1,0.0014087819924669094,0,1,1
刘勇勇,1,0.0007613999993623027,1,0,1
深圳市快读科技有限公司,1,0.0014087819924669094,0,1,1
陕西理工大学,2,0.0007613999993623027,2,0,2
上海申雪供应链管理有限公司,1,0.0008423227485003786,0,1,1
上海领甲数据科技有限公司,1,0.0010850909959146061,0,1,1
天津大学,1,0.0010850909959146061,0,1,1
安华高科技通用IP(新加坡)公司,1,0.0007613999993623027,1,0,1
山东浪潮创新创业科技有限公司,1,0.0008692969982130706,0,1,1
湖南汽车工程职业学院,1,0.0007613999993623027,1,0,1
宸鸿光电科技股份有限公司,1,0.0007613999993623027,1,0,1
宸鸿科技(厦门)有限公司,1,0.0014087819924669094,0,1,1
