"转让人","受让人","IPC分类号"
"广州初曲科技有限公司; 惠安县拓丰信息技术有限公司","中睿通信规划设计有限公司; 广州初曲科技有限公司","G06F1/16; G06F21/60"
"宁波摩米创新工场电子科技有限公司","宜宾正集源智能科技有限公司","G06K9/00"
"华南理工大学","广州商品清算中心股份有限公司","H04L29/08"
"国际商业机器公司","HCL技术有限公司","G06F17/30; G06F17/21; G06F40/00; G06F40/189; G06F40/191"
"深圳市康冠商用科技有限公司","深圳市康冠医疗设备有限公司","G06T3/00"
"泰州市华达机电设备有限公司","深圳市参数领航科技有限公司","G06V20/52; G06V10/56; G06V10/46; G06V10/74; G06Q10/06; G08C17/02; H04N7/20"
"天合云能源互联网技术(杭州)有限公司","常州天合智慧能源工程有限公司","G06Q10/04; G06Q50/06; G06K9/62; G06N3/00; G06N10/00; G06N20/10"
"南京中兴软件有限责任公司; 中兴通讯股份有限公司","中兴通讯股份有限公司; 南京中兴软件有限责任公司; 北京中兴高达通信技术有限公司","H04L9/08; H04W12/02; H04W12/04; H04W12/06; H04W88/02; H04W12/03; H04W12/0433"
"苏州日煊数字科技有限公司; 北京差旅天下网络科技有限责任公司","北京差旅天下网络科技有限责任公司; 北京市文化科技融资租赁股份有限公司","G06Q50/14; G06F16/9535; G06F16/9537"
"深圳市网心科技有限公司","北京链享云科技有限公司","G06Q30/02; G06Q20/06; H04L29/08"
"重庆大学; 芽米科技(广州)有限公司","芽米科技(广州)有限公司; 广东高尚医学影像诊断中心有限公司","G06K9/62; G06T7/00; G06T7/11"
"华能国际电力股份有限公司河北清洁能源分公司","华能国际电力股份有限公司河北清洁能源分公司; 尚义国朗新能源有限公司; 华能康保风能利用有限责任公司; 化德县大地泰泓风能利用有限责任公司; 康保县中能光伏发电有限公司; 华能涿鹿清洁能源有限责任公司; 华能唐山曹妃甸区清洁能源有限责任公司; 华能平山清洁能源有限责任公司; 威县主清新能源有限责任公司; 威县泽恩蔬菜种植有限公司; 易县能为新能源有限责任公司","G06F30/17; G06F30/20; F03D15/00; F03D17/00; G06F113/06; G06F119/02; G06F119/04"
"上海同瑜环保节能科技有限公司","上海瑜科环境工程有限公司","G06F30/17"
"烟台东方威思顿电气有限公司; 烟台东方威思顿电力设备有限公司","烟台东方威思顿电气有限公司; 烟台东方威思顿电力设备有限公司; 国网冀北电力有限公司计量中心","G06F30/18; G06F30/27; G06N3/126; G06Q50/06; G06F111/06; G06F113/04"
"中南大学","湖南新云网科技有限公司","G06F9/455; H04L29/06; H04L29/08"
"刘成学","沈阳恩派工程技术咨询有限公司","G06F17/50; G06F3/0482"
"石家庄通合电子科技股份有限公司","河北通合新能源科技有限公司","H04L12/40"
"合肥智慧龙机械设计有限公司; 杭州电子科技大学","滨州国创能源科技有限公司; 合肥智慧龙机械设计有限公司","G06Q10/00; F24F11/64; F24F11/46; F24F110/10; F24F110/20; F24F120/20"
"北京华纬迅科技有限公司; 南京格高网络科技有限公司","王生安; 北京华盛普讯技术股份有限公司","H04L12/66; H04L29/02"
"曙光信息产业股份有限公司; 曙光信息产业(北京)有限公司","曙光节能技术(北京)股份有限公司; 曙光信息产业股份有限公司","G06F1/20"
"上海大学","上海大学; 上海吉柴电子信息技术有限公司","B25J9/16"
"剑扬股份有限公司; 思立微电子(香港)有限公司","思立微电子(香港)有限公司; 芯技佳易微电子(香港)科技有限公司","G06F3/041"
"南京师范大学; 南京三万物联网科技有限公司","南京三万物联网科技有限公司; 江苏正海智能装备有限公司","A63B47/02; G05D1/02"
"杭州电子科技大学","浙江大学医学院附属邵逸夫医院","G06V10/82; G06T7/00; G06N3/042; G06N3/0464; G06N3/045; G06N3/048"
"立德高科(北京)数码科技有限责任公司; 陕西专壹知识产权运营有限公司","陕西专壹知识产权运营有限公司; 苏州德斯米尔智能科技有限公司","G06K7/10; G06F17/30; G06Q30/00"
"成都斯菲科思信息技术有限公司","深圳市欣东林电子有限公司","G06F1/28"
"立德高科(北京)数码科技有限责任公司; 武汉投知家信息科技有限公司","武汉投知家信息科技有限公司; 湛江卷烟包装材料印刷有限公司","G06T7/00; B41J3/44"
"上海岱诺信息技术有限公司; 李明东","广州岱诺智能系统有限公司; 李明东","G06F1/16; G06F1/18"
"湖州度信科技有限公司; 江南大学","湖南琴海数码股份有限公司; 湖州度信科技有限公司","G06F17/30"
"秦艳","罗普特(厦门)科技集团有限公司","G06T7/136"
"王志勇; 郝琳","武汉吉龙置业发展有限公司; 王志勇","H04L12/28; G08C17/02; H04W4/38; A47B83/02; H04W84/18"
"国网四川省电力公司经济技术研究院; 北京中电普华信息技术有限公司; 国网信息通信产业集团有限公司; 国家电网有限公司","北京国电通网络技术有限公司; 国家电网有限公司; 国网信息通信产业集团有限公司; 国网四川省电力公司经济技术研究院","G06Q10/06; G06Q10/10; G06Q50/06"
"潍坊信至科技发展有限公司","北京国联视讯信息技术股份有限公司","G06Q40/04; G06Q40/06; G06Q10/04; G06F16/27; G06F21/64; G06N3/04; G06N3/08"
"台州市吉吉知识产权运营有限公司; 上海斐讯数据通信技术有限公司","深圳国芯人工智能有限公司; 台州市吉吉知识产权运营有限公司","G06F11/26; G06F11/36"
"深圳数字电视国家工程实验室股份有限公司","深圳市视美泰技术股份有限公司","H04L9/08"
"重庆钧爱博科技有限公司","梁钧","G06Q20/32; G06Q20/20"
"麦克奥迪实业集团有限公司","麦克奥迪(厦门)医疗诊断系统有限公司","H04L29/08; G06F3/14"
"深圳信息职业技术学院; 龙图腾网科技(合肥)股份有限公司","龙图腾网科技(合肥)股份有限公司; 合肥净龙环保科技有限公司","G06T7/00; G06T7/215; G06T7/246; G06T7/62; G06T7/70"
"南京睿蜂健康医疗科技有限公司; 高军峰; 中南民族大学","武汉芯奇智健康科技有限公司; 中南民族大学; 南京睿蜂健康医疗科技有限公司","A61B5/0205; A61B5/11; A61B5/00; A61B5/145"
"中南大学","湖南铂辉特科技有限公司","G06T5/00"
"重庆誉存大数据科技有限公司","重庆誉存大数据科技有限公司; 罗灿","G06F16/9535; G06Q30/06; G06Q50/14; G06K9/62"
"株式会社PtoPA","环球娱乐株式会社","G06F17/28; G06F17/27"
"刘必鹏","创业保姆(广州)商务秘书有限公司","G06F3/041; G07F17/12"
"武汉大学; 常熟南师大发展研究院有限公司; 常熟紫金知识产权服务有限公司","常熟紫金知识产权服务有限公司; 常熟南师大发展研究院有限公司","G06T11/20"
"西南石油大学; 浙江浙能天然气运行有限公司","西南石油大学; 国家管网集团浙江省天然气管网有限公司","G06F17/11; G06N3/12; F17D1/02; F17D3/01"
"株式会社日立制作所; 日立民用电子株式会社","日立民用电子株式会社; LG电子株式会社","H04L25/02; G06F3/00; G06F12/00; G06F13/16; G06F13/40; G11C11/401; H03K19/0175; H04B3/02; H05K1/02; H05K1/14"
"迈克菲有限公司","马萨罗布拉美国有限责任公司","H04L29/06; H04L12/58; H04L12/66"
"肇庆小鹏新能源投资有限公司广州分公司","肇庆小鹏新能源投资有限公司广州分公司; 广州小鹏汽车科技有限公司","H04L41/0654; B60L58/10; B60L58/12; B60L58/16; H04L41/0677; H04L43/0823; H04L43/0811; H04Q9/00"
"广州知弘科技有限公司; 江苏前来信息科技有限公司","江苏前来信息科技有限公司; 京来信息技术(苏州)有限公司","G06F21/75; G06F16/2458"
"国网宁夏电力有限公司电力科学研究院; 中国电力科学研究院有限公司; 国网福建省电力有限公司; 国网福建省电力有限公司电力科学研究院","国网宁夏电力有限公司电力科学研究院; 中国电力科学研究院有限公司; 国网福建省电力有限公司; 国网福建省电力有限公司电力科学研究院; 宁夏电力能源科技有限公司","G06F30/20; G06Q10/0631; G06Q50/06"
"深圳市骏通电子科技有限公司","深圳市深科触控技术有限公司","G06F3/041; F16F15/067"
"上海九紫璃火智能科技有限公司","上海华浩原益生物科技有限公司","G06V10/82; G06N3/0464; G06V10/52; G06V10/80"
"杭州电子科技大学","浙江诺益科技有限公司","G06F17/10; G01S13/89"
"深圳市金蝶精斗云网络科技有限公司","深圳金蝶奇思科技有限公司","G06F9/445; G06F21/12; G06F21/10"
"圣戈班晶体及检测公司; 卢米洛格股份有限公司","艾维工程股份有限公司; 圣戈班晶体及检测公司","H01L21/20; C30B29/40; C30B25/02"
"赵家乐","江西师范大学","G06F16/22; G06F16/23; G06F16/245; G06F21/62"
"北京倍胜智能科技有限公司","北京倍胜智能科技有限公司; 北京云星宇交通科技股份有限公司","G06K17/00; A61L2/18; A61L101/34"
"英业达股份有限公司","安庆海诚电子科技有限公司","G06F11/267"
"深圳恩维传媒有限公司","深圳恩维迪恩倜科技有限公司","G06F16/432; G06F16/438; G06F16/583; G06F16/587"
"广州立白企业集团有限公司","广州超威生物科技有限公司","B01J20/22; B01J20/30; B01D53/02"
"首都师范大学","广州市浙创网络科技有限公司","H04L12/803; H04L12/733; H04L29/08; H04L45/122"
"中兴通讯股份有限公司; 深圳市中兴通讯股份有限公司上海第二研究所","国网北京市电力公司; 北京华商电力科技中心中国技术交易所有限公司; 深圳市中兴通讯股份有限公司","H04L29/06"
"费雷罗神奇制造集团(费雷罗MPG)公司","神奇制造集团(M.P.G)公司","G06F17/60; G07F7/10; G06F21/00; G06Q30/00"
"上海壹账通金融科技有限公司","深圳壹账通智能科技有限公司","G06F9/451"
"上海交通大学","上海交通大学; 上海航天电子通讯设备研究所","G06F17/50; G06T17/00"
"王美金","广州彩邦印刷有限公司","G06K19/02; G06K19/077"
"中山大学","广州新节奏智能科技股份有限公司","G06K9/00; G06K9/48"
"北京百度网讯科技有限公司","上海游境网络科技有限公司","G06N3/094; G06N3/0475; G06N3/0455; G06N3/0464; G06T11/00; G06T5/50; G06T5/60; G06T3/04; G06T3/4046; G06T3/4053; G06V10/44; G06V10/764; G06V10/82"
"安徽天诺机电科技有限公司; 哈尔滨工业大学; 成都卫瀚科技合伙企业(有限合伙)","成都卫瀚科技合伙企业(有限合伙); 安徽天诺机电科技有限公司; 哈尔滨新智达自动化成套装备有限公司","G06T3/40"
"青岛海信智能商用系统股份有限公司","北海石基信息技术有限公司","G06F21/02; G06F21/60; G06F21/76"
"贵阳朗玛信息技术股份有限公司","贵阳语玩科技有限公司","G06T1/00; G06F9/451"
"北京铂阳顶荣光伏科技有限公司; 北京合晟通科技有限公司","北京合晟通科技有限公司; 东君新能源有限公司","G06Q10/04; G06Q50/06"
"曲阜师范大学","江苏中工智联科技有限公司","H04L29/08; H04L9/32"
"北京中科瑞通信息科技有限公司","中科智禾数字科技(北京)有限公司","G06F16/36; G06F16/33; G06F40/295"
"北京科技大学","北京科技大学; 宁夏回族自治区遥感调查院(高分辨率对地观测系统宁夏数据与应用中心)","G06K9/00; G06K9/40; G06K9/46; G06K9/62"
"南方报业传媒集团","广东南方报业传媒集团新媒体有限公司","G06F17/30; G06K9/66"
"西安联客信息技术有限公司","深圳数拓科技有限公司","G06F3/0488; G06F3/041; H04N5/232"
"广东开心信息技术有限公司","广东因豪信息科技有限公司","G06K9/66; G06T7/00"
"中国科学院力学研究所","广东空天科技研究院","G06F17/11; G06F17/15"
"马少才","东方财富证券股份有限公司","G06F16/2458; G06F16/26"
"中科海慧(北京)科技有限公司","天勰力(山东)卫星技术有限公司","G08B17/00; G08B21/10; G08B21/18; G08B29/18; H04W4/38"
"宜宾市万事通网络信息服务有限公司","广西电网有限责任公司","G06F16/2458; G06N3/044; G06N3/096"
"万军","北京车灵通科技发展有限公司","G06F17/30; H04L12/58"
"贝壳找房(北京)科技有限公司","如你所视(北京)科技有限公司","G06T19/00; H04L67/131; H04L67/60; H04M1/72403"
"诺基亚公司; 2011知识产权资产信托公司","诺基亚2011专利信托公司; 西斯威尔国际有限公司","H04L1/00; H04L1/16; H04L1/18"
"安徽省农业科学院农业经济与信息研究所","合肥拓宇云科智能科技有限公司","G06T7/00; G06V10/762; G06V10/82; G06N3/0464; G06N3/048; G06N3/08; G06T5/50"
"杭州聪曦科技有限公司","台州方舟科技咨询有限公司","G06F1/18"
"千兆科技(深圳)有限公司","深圳市迅雷看看信息技术有限公司","H04L12/18; G06Q30/00; G06Q30/02"
"上海浪潮云计算服务有限公司; 浪潮(北京)电子信息产业有限公司","保定浪潮云计算有限公司; 上海浪潮云计算服务有限公司","H04L12/26; H04L12/801"
"北京感瞰科技有限公司","芯梯众和科技有限公司","H04L65/1069; H04L65/40; H04L65/1104; H04L65/65; H04L67/02; H04N7/18; H04N21/643; H04N21/6437"
"西南交通大学; 四川八维九章科技有限公司","四川八维九章科技有限公司","G06V20/52; G06V40/10; G06V10/44; G06V10/764; G06V10/82; G06N3/0464; G06N3/08; G06N5/02; G06N5/04"
"意法半导体有限公司; 意法半导体(格勒诺布尔2)公司; 意法半导体股份有限公司","意法半导体国际有限公司","G06F12/06; H04W74/08; G06F13/16"
"泰瑞创通讯(成都)有限公司","四川泰瑞创通讯技术股份有限公司","G06F13/40; G06F8/61"
"松原市邹佳网络科技有限公司","北京永乐颐康文化产业发展有限公司","G06Q10/04; G06F18/22"
"山东海诺知识产权运营管理有限公司","青岛康丰知识产权运营管理有限公司","G06Q10/10; G06Q10/06"
"强联智创(苏州)医疗科技有限公司; 强联智创(北京)科技有限公司","强联智创(北京)科技有限公司; 强联智创(苏州)医疗科技有限公司","G06T7/33"
"阿波罗(中国)有限公司; 广州市威士丹利健康科技有限公司","广州市威士丹利健康科技有限公司; 广州市威士丹利智能科技有限公司","H04L12/28; H04M1/725; H04W84/12; G05B19/418; H04M1/72415"
"易贝乐教育科技(北京)有限公司; 布朗克斯(北京)管理咨询有限公司","北京易贝乐科技文化股份有限公司","G06F3/01; G09B5/00; G09B5/02"
"湖南理工学院","湖南文理学院","G06F1/18; G06F1/20; G06F21/86; G06F11/32"
"广州腾耐计算机科技有限公司","江苏拓慧科技有限公司","G06F1/16; G06F1/18; G06F13/42"
"国电南瑞科技股份有限公司; 国电南瑞南京控制系统有限公司","国电南瑞科技股份有限公司; 国电南瑞南京控制系统有限公司; 南京南瑞集团公司","H04L7/00"
"中文在线信息科技有限公司","北京中文在线文化发展有限公司","G06F17/30"
"安徽乐盈电子商务有限公司","深圳市着墨科技有限公司","G06F1/18; G06F1/20"
"上海斐讯数据通信技术有限公司","灿音科技(深圳)有限公司","G06Q50/20; G09B5/14; G09B5/06"
"南京农业大学","神农智慧农业研究院南京有限公司","G01N21/25"
"蔡宗富; 深圳职业技术学院; 广州益通知识产权运营有限公司","郑州精铖智能技术有限公司; 广州益通知识产权运营有限公司; 蔡宗富","G06T5/50; G06T7/00"
"深圳市融合视讯科技有限公司","深圳市融创天下科技发展有限公司","H04L9/32"
"中兴通讯股份有限公司; 南京中兴新软件有限责任公司","南京中兴新软件有限责任公司; 中兴通讯股份有限公司","H04L12/58; H04L29/06"
"龙凤英","深圳市和创实业有限公司","G06F21/72; G06F21/79; G06F21/46"
"李孔雀","厦门立马耀网络科技有限公司","G06F21/64; G06F21/60; G06F16/27; G06K9/62"
"北京瀛海智能自动化科技有限公司; 瀛海控股有限公司","聚海祥顺(上海)实业有限公司","G06Q10/08; G06Q50/12"
"天津市方圆电气设备有限公司","天津市海谐投资有限公司","B25J13/08; B25J9/16; B25J11/00"
"王小芹; 任京红","王海鹰; 王小芹","H04L12/54; H04L1/00; H04L12/70"
"中国科学院金属研究所; 大连重工·起重集团有限公司; 大连华锐船用曲轴有限公司","中国科学院金属研究所; 大连华锐重工集团股份有限公司; 大连华锐船用曲轴有限公司; 大连重工·起重集团有限公司","G06F17/50"
"ADT服务有限责任公司; 传感电子公司; 传感电子有限责任公司","泰科消防及安全有限公司; 传感电子有限责任公司; ADT服务有限责任公司","H04L29/06; G06K19/077"
"淮阴工学院","淮安晶逸彩科技有限公司","G06K9/00; G06K9/66"
"雷明凯","周立中","G10L15/26; G10L15/22"
"浙江宏伟机械设备租赁有限公司; 肖凯","嘉兴鼎尚信息科技有限公司; 浙江东吴宏伟网络技术有限公司","G06F3/0354; G06F21/32; G06F21/83; G06K9/00"
"衡宇科技股份有限公司","深圳衡宇芯片科技有限公司","G06F11/10"
"冯明丽","李征宇","G06K19/077; H04W84/12"
"中国医学科学院北京协和医院","萱闱(北京)生物科技有限公司","G06K9/00; G06N3/04; G06N3/08"
"泉州市领鼎机械科技有限公司","黑龙江转换宝科技有限公司","G06F1/20"
"北京博数嘉科技有限公司; 窦志强","窦志强; 北京博数嘉科技有限公司","G06Q50/14; G06Q10/0639; G06Q30/015; G06V40/16"
"成都阿卡林科技发展有限公司","杭州超上科技有限公司","G06Q30/0645; G06Q50/16; G06Q10/02"
"乐视控股(北京)有限公司; 乐卡汽车智能科技(北京)有限公司; 乐视汽车(北京)有限公司; 恒大法拉第未来智能汽车(广东)有限公司","乐视汽车(北京)有限公司; 恒大法拉第未来智能汽车(广东)有限公司; 法法汽车(中国)有限公司","G06F17/30"
"中铁二十二局集团电气化工程有限公司","中铁二十二局集团有限公司; 中铁二十二局集团电气化工程有限公司","G06F17/50"
"深圳亚希诺科技有限公司","深圳路波科技有限公司","H04N5/225; G05D3/12; F16M11/14; G06K9/00; G06T7/20"
"浙江工业大学之江学院","四川玄光立影医疗科技有限公司","G06T5/00; G06T7/00; G06N3/0464; G06N3/08"
"贵州光奕阳数据技术有限公司","光奕科数据技术有限公司","G06Q10/0631; G06Q30/08; G06F16/2458; G06F16/22; G06F1/16; B08B1/00; B08B3/02; B08B13/00"
"上海长望气象科技股份有限公司; 北京爱尔达电子设备有限公司","陈书驰; 上海长望气象科技股份有限公司; 北京爱尔达电子设备有限公司","G06F30/20"
"雄安新区智能城市创新联合会; 天津骐讯科技有限公司; 王春峰; 北京比新科技有限公司","王春峰; 食想鲜生(广东)科技有限公司; 雄安新区智能城市创新联合会; 天津骐讯科技有限公司","G06Q10/00; G06Q30/00"
"鸿富锦精密工业(深圳)有限公司; 鸿海精密工业股份有限公司","肇庆荣仕宝电子科技实业有限公司","G06F3/01; G06F3/03; G06F3/041"
"华侨大学","北京云天畅想信息科技有限公司","G06T5/00; G06T5/50; G06T7/11"
"广东高航知识产权运营有限公司; 华为技术有限公司","广州明创网络科技有限公司; 广东高航知识产权运营有限公司","H04L12/917; H04L12/927; H04L47/76; H04L45/02; H04L45/125; H04L45/42; H04L45/74; H04L47/20; H04L47/724; H04L47/80"
"中铁大桥局集团有限公司; 中铁大桥科学研究院有限公司","中铁大桥局集团有限公司; 中铁大桥科学研究院有限公司; 中国国家铁路集团有限公司","G06V40/10; G06V40/20; G06V10/82; G06V10/40; G06V10/26; G06V10/34; G06V10/764; G06T7/60; G06Q50/08; G06N3/04; G06N3/08; G08B21/04; G08B3/10"
"广西科技大学","广西产研院人工智能与大数据应用研究所有限公司","G06T7/149"
"江南大学","江南大学; 江苏恒顺醋业股份有限公司","C12J1/10; C12J1/00; G05D23/20; G06N3/02; G01D21/02"
"武汉万安智能技术有限公司","武汉艾科思未来科技有限公司","G06K9/00; G06K9/32; G06K9/34; G06K9/46; G06K9/62"
"王刚","广东中安金狮安全护卫服务有限公司","G06K9/00; G06K9/46; B60Q9/00"
"北京勇搏科技有限公司; 北京工业大学","上海芯化和云数据科技有限公司; 北京勇搏科技有限公司","G06K9/62; G06F16/9535"
"荆楚理工学院","荆门市探梦科技有限公司","G06F1/18; G06F1/20"
"苏州华士无线科技有限公司","宁夏乐道物联网科技有限公司","H03F1/02; H03F1/30; H03F3/21; H03G3/30"
"前视红外系统股份公司; 菲力尔系统公司","前视红外系统股份公司; 特利丹菲力尔有限责任公司","G06T5/00; G06T5/50"
"李朝荣","宜宾学院","G06F17/30; G06T3/60"
"陈志民; 罗海金","厦门想礼科技有限公司","H04L41/22; H04L67/025; H04L67/125; H04L67/303; G16Y30/00"
"江苏巴威工程技术股份有限公司","江苏逸海堂环境技术有限公司","F24D3/02; F24D3/08; F24D3/10; F24D19/10"
"洛格逻辑公司","蒂布科软件股份有限公司","G06F17/30; G06F17/00"
"深圳时空科技集团有限公司","深圳时空数字科技有限公司","G06F3/01; G06F3/04883; G06K17/00; G10L15/22; B60K35/00"
"昆明理工大学","云南行知协同农业科技有限公司","G06K9/62; G06F17/18; G06Q10/04; G06Q50/02"
"南京博雅集智智能技术有限公司","江苏省未来网络创新研究院","G06K9/62; G06N3/04"
"北京易恒信认证科技有限公司","北京联合智华微电子科技有限公司","G06F17/30; G06F21/24; G06F21/60"
"田飞","湖南省工业设计协会","G06F3/048; G06F3/033"
"新华财经信息咨询有限公司","王宇","G06F17/00"
"东莞市台德智慧科技有限公司","江西台德智慧科技有限公司","H04R1/02; H04R3/00; G10L15/22"
"上海连尚网络科技有限公司","上海晨连科技有限公司","H04L29/06"
"上海艾泰科技有限公司","上海艾泰网络信息有限公司","H04L29/08; H04L12/66"
"廖鼎","北京多正科技有限公司","H04L9/40; H04L67/10"
"株式会社日立制作所; 日立通讯技术株式会社","费帕弗洛维特知识产权股份公司; 株式会社日立制作所","H04L12/56"
"浙江宏远智能科技有限公司","上海海阳大健康产业集团股份有限公司","G06Q10/047; B65F9/00; G06Q10/0631; G06Q50/26; G06V10/12"
"国家电网公司; 中国电力科学研究院","国家电网公司; 中国电力科学研究院; 国网河北省电力公司","G06Q50/06"
"阿里巴巴集团控股有限公司","浙江菜鸟供应链管理有限公司","G06T7/73; G06T3/08; G06V10/44"
"北京可思云海科技有限公司; 鞠秋萍","鞠秋萍; 上海彩亿信息技术有限公司","H04L29/08"
"苏州大学","苏州云屏网络科技有限公司","G06K9/62; G09F27/00"
"芯鑫融资租赁(厦门)有限责任公司; 展讯通信(上海)有限公司; 芯鑫融资租赁有限责任公司; 芯鑫融资租赁(北京)有限责任公司","展讯通信(上海)有限公司; 芯鑫融资租赁有限责任公司; 芯鑫融资租赁(厦门)有限责任公司; 芯鑫融资租赁(北京)有限责任公司","H04L1/00; H03M13/29; H03M13/27"
"华为技术有限公司; 蚌埠贵久知识产权服务有限公司","蚌埠贵久知识产权服务有限公司; 南通航大电子科技有限公司","G06F9/445; G06F12/0802; G06F12/0877"
"武桂英","韦晓枫","G06F1/20; G06F1/18"
"天津鼎晟科技发展有限公司; 天津大学","苏州盛泽科技创业园发展有限公司; 天津鼎晟科技发展有限公司","G06F19/00"
"陶大江","武汉汝成网络科技有限公司","G06F1/18; B08B5/04; B08B13/00"
"长安大学","深圳市诺龙技术股份有限公司","G06F16/215"
"深圳市云之讯网络技术有限公司","深圳市小码快跑网络有限公司","H04L12/24; H04M7/00"
"中兴通讯股份有限公司","盐城昊隆机械有限公司","H04L1/18; H04W72/12"
"杭州睿疆科技有限公司; 杭州传化智能制造科技有限公司","杭州承一数字技术有限公司; 杭州睿疆科技有限公司","G06F8/38; G06F16/248"
"交互数字VC控股公司; 汤姆逊许可公司","交互数字麦迪逊专利控股公司; 交互数字VC控股公司","G06T5/50; G06T5/00"
"张家口浩扬科技有限公司","广州旺加旺网络科技有限公司","G06F17/30; G06F21/56"
"曙光信息产业(北京)有限公司; 无锡城市云计算中心有限公司; 曙光信息产业(北京)有限公司","曙光信息产业(北京)有限公司; 曙光信息产业股份有限公司; 曙光信息产业(北京)有限公司; 无锡城市云计算中心有限公司","G06F9/445"
"杭州雅凇科技有限公司","罗晓语","G06F1/18; G06F21/71; E05B47/00; E05B63/14"
"刘进生","东莞市汇荣电子有限公司","G06F1/16; B01D46/00; B01D53/00"
"苏州若依玫信息技术有限公司","深圳市拓普瑞电子有限公司","G06F3/02; H01H13/7057"
"北京勇博科技有限公司; 宁波大学","刘福敏; 王俊凤; 北京勇博科技有限公司","H04L27/26; H04L25/03; H04L1/00"
"深圳易嘉恩科技有限公司","四川虹微技术有限公司","G06Q20/32; G09F3/02"
"郑刚","北京慧图科技(集团)股份有限公司","G01F23/00; G01P5/26; G01C11/00; H04N7/18"
"上海卡萨就德网络科技有限公司","重庆紫光华智电子科技有限公司","H04L45/60; H04Q1/02; H04Q1/04"
"上海精密计量测试研究所","上海航天技术基础研究所","G06Q10/0639; G06F16/383; G06F16/38; G06F18/213; G06F18/22; G06F18/2431"
"硅实验室公司; 陈少杰","NXP股份有限公司","G06F1/32; H04B1/16; H04B15/00; G06F13/00; G06Q10/00; H04L12/58"
"北京云涌科技发展有限责任公司","江苏云涌电子科技有限公司","H04L12/40; G05B19/418"
"中国电力科学研究院; 国家电网公司","中国电力科学研究院; 国家电网公司; 中国电力科学研究院国网北京市电力公司","G06Q10/00; G06Q50/06"
"重庆理工大学","重庆茂侨科技有限公司","G06N20/00; G06K9/62"
"常熟理工学院; 上海诺防网络科技有限公司; 上海德运光电技术有限公司","上海诺防网络科技有限公司; 上海德运光电技术有限公司; 努尔玛信息科技(上海)有限公司","H04L29/08; H04L29/06"
"北京佰才邦技术股份有限公司","北京佰才芯展科技有限公司","H04L5/00; H04L1/1812; H04W28/04; H04W72/23; H04W72/0446"
"广东弘贝融科信息科技有限公司","广东横琴粤澳深度合作区绿棱科技有限公司","G06Q40/02; G06Q10/10"
"江苏楷文电信技术有限公司","常州小文智能科技有限公司","G06F3/041; G06F3/039; H04R1/02; H04R1/12"
"北京世纪互联工程技术服务有限公司; 北京云快线软件服务有限公司; 北京世纪互联宽带数据中心有限公司","北京世纪互联宽带数据中心有限公司; 上海蓝云网络科技有限公司","H04L29/12; H04L29/06; H04L29/08"
"诚研科技股份有限公司","诚研科技(苏州)有限公司","G06K1/18; G06K1/00"
"董正高; 董希平; 周宗良","董正高","G06F3/023; G06F3/033"
"东莞市华睿电子科技有限公司; 肖积文","肖积文; 深圳市大同信息技术有限公司","G06F13/00"
"长安大学","山东康吉诺技术有限公司","G06K9/00; G01H17/00"
"深圳市聚商鼎力网络技术有限公司","逑美科技(上海)有限公司","G06F17/00; G06Q10/04; G06K9/62; G06N3/04; G06N3/06; G06N3/08"
"英业达股份有限公司","侯贺峰","G06F3/06; G06F11/32"
"成都鼎智汇科技有限公司","北京格林威尔科技发展有限公司; 北京格林伟迪科技股份有限公司","G06F9/50; G06F9/455"
"北京航空工程技术研究中心; 北京金讯电子有限公司","北京航空工程技术研究中心","G06F1/16; G06F3/05"
"重庆山河汇聚人工智能科技有限公司","重庆金言智策科技有限公司","G06Q40/02; G06Q40/03; G06Q10/0833; G06Q10/087; G06F16/27; G06Q10/10"
"北方工业大学","时代华易(武汉)信息技术有限公司","G06F16/9535; G06N3/0464; G06N3/047; G06N3/049; G06N3/084"
"艾沃瑞赛恩斯股份有限公司","艾沃瑞赛恩斯日本股份有限公司","G06Q40/02; G06Q50/10; H04L29/08; G06Q30/06; H04W4/80; H04L29/06"
"武汉投知家信息科技有限公司; 深圳益强信息科技有限公司","黑龙江省蟠龙天地科技发展有限公司; 武汉投知家信息科技有限公司","H04L29/08; G07C9/00"
"绍兴市迈能信息科技有限公司","张元坤","G06F21/79"
"湖南经研电力设计有限公司","国网湖南省电力有限公司; 国网湖南省电力有限公司经济技术研究院; 湖南经研电力设计有限公司","G06T17/00; G06Q10/04; G06Q50/06; G06F18/10"
"云海创想信息技术(无锡)有限公司; 云海创想信息技术(天津)有限公司","深圳市安云信息科技有限公司","G06F9/445; G06F11/26"
"哲库科技(上海)有限公司; 哲库科技有限公司","伟光有限公司; 哲库科技(上海)有限公司","H04L27/26"
"上海亚太蓝星计算机信息技术有限公司","上海飞默利凯科技有限公司","G06Q50/22; G06K19/07; G06K17/00"
"圣地斯克公司","桑迪士克科技公司","G06F13/38; G06F21/00; H04L9/00; G06F9/38; G06F9/445; G06F13/00; G06K19/07"
"杭州灿八科技有限公司; 杭州铭智云教育科技有限公司","林江; 陈旭; 朱勇; 胡小鹏; 杭州灿八科技有限公司","G06K9/00; G06K9/46; G06T7/194; G06T7/60"
"京信通信技术(广州)有限公司","广州钟鼎木林网络技术有限公司","H04L25/38; H04J13/00; H04W36/00; H04W56/00"
"华为终端(深圳)有限公司; 华为终端有限公司; 深圳市智信新信息技术有限公司","华为终端有限公司; 深圳市智信新信息技术有限公司; 荣耀终端有限公司","H04L12/56; H04W84/00"
"阿诺托知识产权许可贸易公司","阿诺托股份公司","G06F3/033; G06K11/06; G06K1/12; G06F3/042; G06F3/00; G06F3/03; G06F3/0354; G06F3/041"
"武汉红火焰建筑工程有限公司","内蒙古智通电力设备有限公司","G06Q10/0635; G06Q50/06; G06Q50/08; G01D21/02; G06T7/00; G06T7/62; G06V20/10; G06V20/17"
"苏州瑞盈科技有限公司; 云南电网有限责任公司昆明供电局","云南电网有限责任公司昆明供电局","G06F17/50"
"北京科东电力控制系统有限责任公司","国网电力科学研究院有限公司; 北京科东电力控制系统有限责任公司; 国网福建省电力有限公司; 国家电网有限公司技术学院分公司","H04L29/08; H04L29/12; H04L12/46; G06F9/455"
"李小平; 成都市览图科技有限公司","北京宏硕数通科技有限公司; 成都市览图科技有限公司; 李小平","G06T1/00; G06T3/04"
"厦姆技术有限公司","高通股份有限公司","G06F17/30"
"孙浩锋","深圳市宝德计算机系统有限公司","G06F1/26; G06F1/20"
"摩托罗拉解决方案公司; 摩托罗拉移动有限责任公司; 摩托罗拉解决方案英国有限公司","摩托罗拉移动有限责任公司; 谷歌技术控股有限责任公司; 摩托罗拉解决方案公司","H04L27/26; H04L27/00; H04J11/00"
"鸿富锦精密工业(深圳)有限公司; 鸿海精密工业股份有限公司; 南陵县生产力促进中心; 深圳市博尔普森科技有限公司","深圳市博尔普森科技有限公司; 中山市和恒网络软件有限公司; 南陵县生产力促进中心","H04L29/06; H04L29/10; H04L5/14"
"北京希格玛和芯微电子技术有限公司","天津希格玛微电子技术有限公司","G06F3/033"
"微芯片科技公司; 马夸特有限责任公司","微芯片科技公司","G06F1/3287; H04W52/02"
"上海晁嘉信息技术有限公司","上海庚感科技有限公司","G06F1/16; G06F1/20"
"国家电网公司; 北京许继电气有限公司","国家电网公司; 北京许继电气有限公司; 国网节能服务有限公司","G06Q10/04; G06Q50/06"
"桂林驰讯科技有限公司; 蒋明","广西数科院科技有限公司; 蒋明","H04L29/08; H04L29/06; H04B7/185"
"合肥国轩高科动力能源有限公司","上海国轩新能源有限公司","G06F9/48"
"南京讯天游科技有限公司","的卢技术有限公司","G06F11/36; G06F8/61"
"利昂媒体有限公司; MK系统美国控股有限公司; 瑞典爱立信有限公司; MK系统美国子控股有限公司","MK系统美国控股有限公司; MK系统美国子控股有限公司; 利昂媒体有限公司; MK系统美国公司","H04L29/08; H04W84/02; H04L67/104; H04L67/59"
"陈龙龙","吴伊曼","G06F16/22; G06F16/2458; G06F16/25; G06Q10/06; G06Q50/04"
"北京衡石科技有限公司","中关村科技租赁股份有限公司","G06F16/2453; G06F16/242; G06F16/31; G06F16/33"
"中交一航局安装工程有限公司","中交一航局安装工程有限公司; 中交石油天然气管道工程有限公司","G06F21/76"
"黑龙江鼎梦科技有限公司","黑龙江省乾昇科技有限公司","G06F1/18; G06F1/20"
"江苏建筑职业技术学院","徐州市政建设集团有限责任公司","G06Q10/0635; G06Q10/10; G06Q50/08"
"合肥名龙电子科技有限公司; 成都信息工程大学","河南省喜来康生物科技有限公司; 合肥名龙电子科技有限公司","G06F21/60; G06F16/27; G06F21/64; G06F18/241"
"高德软件有限公司","阿里巴巴(中国)有限公司","G06F17/30; G06F17/28; G06F3/023"
"北京金茂绿建科技有限公司","金茂健康科技(南京)有限公司","G06F3/041"
"张荣富; 天津华建智控技术有限公司","苏州易凌顶网络科技有限公司; 张荣富","G06F3/041; F16F15/067; B08B1/00"
"武汉众联信息技术股份有限公司","武汉众廉科技有限公司","H04L29/08"
"柳丽琴","上海华苑斯码特信息技术有限公司","G06K19/077"
"东南大学","丰实教育科技(北京)有限公司","G06F19/00; A61B5/0476"
"合肥龙智机电科技有限公司; 浙江机电职业技术学院","山西煜东信达科技有限公司; 合肥龙智机电科技有限公司","H04L67/12"
"谷歌有限责任公司","瑞典爱立信有限公司","G06F3/00"
"北京中科算源技术发展有限公司; 中国科学院计算技术研究所","北京中科通图信息技术有限公司; 北京中科算源技术发展有限公司","G06F17/30"
"陈如请","上海钱拓网络技术有限公司","G06F1/20; B01D46/12"
"海南火链科技有限公司","衡阳雁城区块链研究院","G06Q30/02"
"钰深(北京)科技有限公司","北京种花云服科技股份公司","G06T11/20"
"第四层联合公司; 活力震动公司","通用动力学工程公司; 第四层联合公司","G06F17/00; G06F7/00; B60G17/08; B60G23/00; F16F7/10; F16F15/02"
"深圳市合触科技有限公司","贾恩海","G06F3/0354; G06F3/046"
"深圳泓越信息科技有限公司; 宁波大学","武汉众诚华鑫科技有限公司; 深圳泓越信息科技有限公司","G06F16/9535; G06V40/16; G06F21/32"
"重庆文理学院","佛山市塞外科技有限公司","G06Q10/0631; G06V40/18; G06V40/16; G06V40/20; G06V40/40; G06V10/82; G06N3/048; G06N3/084; G06F3/01; G06F21/32; G07C9/37; G06Q50/04"
"保定竹麓网络科技有限公司; 深圳尚格知识产权服务有限公司; 保定鼎信知识产权代理有限公司; 华为技术有限公司","南通誉力智能装备有限公司; 保定鼎信知识产权代理有限公司; 保定竹麓网络科技有限公司; 深圳尚格知识产权服务有限公司","H04L12/56; H04L12/66; H04Q7/20; H04L12/14; H04L12/24; H04L29/06; H04W4/24"
"重庆邮电大学","南方电网互联网服务有限公司","G06F40/289; G06F16/33"
"广东星徽精密科技有限公司; 广东星徽精密制造股份有限公司","广东星徽精密科技有限公司; 江苏星徽精密科技有限公司","G06F1/18"
"成都其联科技有限公司","重庆理想档案管理服务有限公司","H04L29/08; H04B5/00; G08C17/02; G01D21/02"
"平安普惠企业管理有限公司; 深圳市联创知识产权服务中心","深圳市联创知识产权服务中心; 山西数字政府建设运营有限公司","G06F21/62; G06F18/214; G06F18/2431"
"江苏任务网络科技有限公司","江苏大道云隐科技有限公司","G06F21/32; G06F21/33; G06F21/60; G06F21/64; H04L9/40"
"努比亚技术有限公司","江苏康裕企业管理咨询有限公司","G06F3/04817; G06F3/0483; G06F3/04845; G06F3/0488; G06F9/451"
"南京瑞萌萌商贸有限公司","张云亮","G06F1/18; G06F1/20"
"成都新舟锐视科技有限公司","江苏智瞄数码科技有限公司","G06K9/62; H04N7/18"
"赵建东; 苏州君嬴电子科技有限公司; 杭州士兰控股有限公司","杭州芯讯科技有限公司; 赵建东; 苏州君嬴电子科技有限公司","H04L29/08; H04L29/06"
"天津龙翰科技有限公司","豆乐科技(西安)有限公司","H04L12/66; H05K7/20"
"北京顺智信科技有限公司","百融至信(北京)科技有限公司","G06T7/246; G06T7/73"
"重庆邮电大学","武汉皓泽信息技术有限公司","G06K9/00; G06K9/34; G06K9/46; G06K9/62"
"李聪","中山市黙拜尔网络科技有限公司","G06F1/16"
"哈工大机器人(合肥)国际创新研究院","安徽领云物联科技有限公司","G06Q10/00; G06F40/289; G06F17/18; G06Q50/10"
"中国医学科学院生物医学工程研究所","天津协医科技有限公司","A61B5/02"
"国家电网公司; 中国电力科学研究院; 国网上海市电力公司; 国网湖北省电力公司信息通信公司","国家电网公司; 中国电力科学研究院; 国网智能电网研究院; 国网上海市电力公司; 国网湖北省电力公司信息通信公司","H04L12/24"
"刘鸿达; 昆山超绿光电有限公司; 佛山中达鸿创科技有限公司","昆山超绿光电有限公司; 佛山中达鸿创科技有限公司; 深圳易加仁技术有限公司","G06F3/044"
"兖矿能源集团股份有限公司","兖矿能源集团股份有限公司; 山东科技大学","G06V20/52; G06V10/80; G06V10/44; G06V10/82; G06V10/34; G06V10/26; G06V10/24; G06N3/045; G06N3/0464"
"广东工业大学; 广州秉优智能科技有限公司","广州秉优智能科技有限公司","G06T17/00; G06T17/20; G06V10/26; G06V10/40; G06V10/762"
"严建山; 嵊州市百恩贸易有限公司","嵊州市百恩贸易有限公司; 淮安市雨秀食品有限公司","A61K31/352"
"刘连英","唐旸","G06K9/00; G06F40/284; G06F40/253; G06F40/117; G06K9/46; G06N3/04; G06T7/12; G06T7/13; G06T15/08; G06T17/00"
"深圳市友联亨达光电有限公司","东莞市友联亨达光电有限公司","G06F3/041"
"何文刚","西安智慧时代信息科技有限公司","H04L9/40"
"中国移动通信集团四川有限公司","咪咕音乐有限公司; 咪咕文化科技有限公司; 中国移动通信集团有限公司","G06F17/30"
"太仓日森信息技术有限公司","盐城吉大智能终端产业研究院有限公司","H04L29/08; H04L29/06; H04N21/4363; H04N21/61; H04N21/647; H04W84/12"
"北京智能果技术有限公司; 郑州坤博科技有限公司; 许冰","郑州坤博科技有限公司; 许冰; 徐加庆","G06Q20/38; G06F3/0484; G06F21/31"
"肇庆学院","肇庆市冠卓传媒科技有限公司","G06T17/00; G06T7/33"
"惠州TCL移动通信有限公司","陕西蓝图空间数字科技有限公司","G06F3/01"
"嵊州领航信息科技有限公司","日照新睿招商发展有限公司","B65F1/14; B65F1/16"
"南京源兴智达信息科技有限公司","湖北广兴通信科技有限公司","H04L27/26; H04L67/12"
"河南农业大学","杭州瓦屋科技有限公司","G06T17/00; G06T19/00"
"广西科技大学; 龙图腾网科技(合肥)股份有限公司","龙图腾网科技(合肥)股份有限公司; 深圳市智森科技设计有限公司","G06T3/00; G06T7/66; G06T7/11; G06V10/28; G06V10/75; G06K9/62"
"北京奇艺世纪科技有限公司","重庆爱奇艺智能科技有限公司","G06F3/01"
"北京爱国者知识产权服务有限公司; 爱国者数码科技有限公司","京东方科技集团股份有限公司; 北京爱国者知识产权服务有限公司","G06F1/16"
"北京英迈琪科技有限公司","深圳市贝格蓝斯科技有限公司","G06T7/11; G06T7/136; G06T7/194; G06T7/90; G06T5/00"
"曹祝明; 佛山市伟嘉环保科技有限公司","天津梧桐木科技有限公司; 曹祝明","G06T5/90; H04N7/18; G06T5/73; G06T5/60; G06N3/048; G06N3/08; G06Q50/02"
"国家广播电影电视总局广播科学研究院; 张军坦; 李薰春; 孙凤文","国家广播电影电视总局广播科学研究院","H04L27/18; H04L1/00"
"国网陕西省电力公司宝鸡供电公司","国网陕西省电力有限公司宝鸡供电公司; 国网(西安)环保技术中心有限公司","G06T7/00; G06T7/11; G06T7/136; G06T7/155"
"烟台惠通网络技术有限公司","山东艾欧特投资集团有限公司","H04L29/08; H04W4/00"
"平安普惠企业管理有限公司; 郑旭纯","郑旭纯; 春华教育科技集团有限公司","G06F8/60"
"雷丁大学","詹姆斯·安德森","G06F15/82"
"北京焦点新干线信息技术有限公司","成都博点科技有限公司","H04L29/06; H04L29/08"
"北京安云世纪科技有限公司; 北京奇虎科技有限公司","北京奇虎科技有限公司; 北京安云世纪科技有限公司","G06F21/62"
"诸暨市智盈智能技术服务部","鑫长德科技技术有限公司","G06F1/20"
"成都鼎智汇科技有限公司; 广州博鳌纵横网络科技有限公司","广州博鳌纵横网络科技有限公司; 上海共创信息技术有限公司","H04L29/06; H04L9/32; H04L9/08; G06F21/55"
"贵州电网有限责任公司; 南方电网数字电网研究院股份有限公司","南方电网数字电网研究院股份有限公司","G06Q10/06; G06Q50/06; H02H1/00; H02J13/00"
"陕西省水利电力勘测设计研究院","陕西省水利电力工程咨询有限责任公司","G06Q10/0631; G06Q10/04; G06Q50/06"
"武汉华亚兴通信息技术有限公司","华中师范大学","G06F21/10; G06F21/60"
"苏州龙诺法智能科技有限公司","常熟市浙大紫金光电技术研究中心","G06F17/28; G06K9/20"
"诺基亚公司; 诺基亚技术有限公司","诺基亚技术有限公司; 三星电子株式会社","H04L12/861; H04N21/643; H04N21/44"
"广东广联电子科技有限公司; 广州广联数字家庭产业技术研究院","广东广联电子科技有限公司; 中国电子科技集团公司第五十四研究所","H04L12/28; H04N21/434"
"武汉大学; 深圳市卓尔电子材料有限公司","深圳市卓尔电子材料有限公司; 江苏穿越光电科技有限公司","H01L33/14; H01L33/20; H01L33/32; H01L33/06; H01L33/00"
"智力科学; 研究室股份公司; Sk; 电信有限公社","SK 电信有限公社","G06Q50/20; G06Q50/00"
"北京格灵深瞳信息技术有限公司","驭势科技(北京)有限公司","G06T7/70"
"武汉阿杜拉电子商务有限公司","上海读客数字信息技术有限公司","G06Q30/06; G06Q30/02; G06F40/289"
"河南硕翔信息技术有限公司","中咨数据有限公司; 中国公路工程咨询集团有限公司","G08G1/01; G08G1/052; G08G1/065; H04L67/5682"
"清华大学深圳国际研究生院","深圳市喜尔乐科技有限公司","G06F16/9535; G06F16/9536"
"中国科学院自动化研究所","鹏雄实业(深圳)有限公司","G06F3/00; G06F19/00"
"国际商业机器公司","东方概念有限公司","G06F17/30"
"张鑫","兰州财经大学陇桥学院","G06F1/20; G06F11/30"
"北京微点科学技术有限公司","北京微点科学技术有限公司; 微点码(辽宁)科技有限公司","G06K19/06; G06Q30/018; H04N1/44; H04L9/06; H04L9/32"
"西安理工大学","青岛类认知人工智能有限公司","G06V40/10; G06V10/44; G06V10/50; G06V10/56; G06V10/80; G06V10/82; G06N3/04; G06N3/08"
"华南理工大学","广东履安实业有限公司","G10L15/02; G10L15/06; G10L15/22; G10L15/26; G10L25/30; G10L25/63; G06F16/35; G06F40/30; G06F40/289; G06N3/04; G06N3/08"
"沈阳理工大学","中科智瑞(北京)科技有限公司","G06K9/46"
"上海斐讯数据通信技术有限公司; 湖州丰源农业装备制造有限公司","湖州丰源农业装备制造有限公司; 罗笔成","H04L29/06"
"莱芜职业技术学院","合肥智慧龙机械设计有限公司","G06T7/00"
"深圳中科育成科技有限公司; 中国科学院深圳先进技术研究院","深圳中科骏飞科技有限公司; 深圳中科育成科技有限公司","G06Q10/00; G06Q10/06"
"陈士县","安徽网动车簇汽车清洁服务有限公司","G06Q10/06; G06Q50/10"
"深圳达实智能股份有限公司; 深圳达实软件有限公司","深圳达实软件有限公司; 深圳达实物联网技术有限公司","G06F13/00"
"杭州弈鸽科技有限责任公司; 杭州智达融信科技有限公司","杭州智达融信科技有限公司; 中科智云(南京)科技有限公司","H04L12/26; H04L29/06"
"蒂蒙系统公司","黑莓有限公司","G06F17/30; H04L12/28; H04L12/58; H04L29/06"
"北京神州数码云科信息技术有限公司; 安吉县安信信息有限公司; 吴红平","北京神州数码云科信息技术有限公司; 神州鲲泰(厦门)信息技术有限公司; 吴红平","G06F1/20; G06F1/18"
"山东蓝客信息科技有限公司","山东省戴庄医院(山东省安康医院、济宁市精神卫生中心)","G06Q20/40; G06V40/12; G06V10/74; G16H40/20"
"宜昌湖蓝科技开发有限公司","万子健检测技术(上海)有限公司","G06Q10/06; G06Q50/26; G06F17/11; G01N33/18"
"崔岩; 珠海市四维时代网络科技有限公司","珠海市四维时代网络科技有限公司; 中德(珠海)人工智能研究院有限公司","G06T17/00; G01B11/25"
"苏州原子图腾纳米材料有限公司","昆山达富久新材料科技有限公司","G06F1/20"
"上海爱购智能科技有限公司","上海倍塔曼智能科技有限公司","G06V40/10; G06K17/00; G06T7/292; G06T7/70; G07C9/27; G06V40/20; G06V10/62; G06V10/82"
"东莞盟大集团有限公司","广东工业大学; 东莞市盟大数据科技有限公司","G06F8/20; G06F8/41; G06N5/02"
"山东中信智联智能科技有限公司","聊城市芯享云大数据科技有限公司","G06F3/06; G06F11/10; H04W88/02"
"华南理工大学","华南理工大学; 广州创之力智能科技有限公司","G06T7/00; G06V10/762; G06V10/20; G06V10/82"
"戴尔菲技术公司","APTIV技术有限公司","G06T7/277; G06T7/80"
"中安消技术有限公司; 盐城漫澜信息科技服务有限公司","盐城漫澜信息科技服务有限公司; 郯城县新区建设发展有限公司","G06T5/00"
"徐先平","广州市亿彩天虹光电科技有限公司","H04L12/771; H04L45/60"
"国家电网公司; 湖北科能电力电子有限公司","国家电网公司; 国网湖北省电力公司荆州供电公司; 湖北科能电力电子有限公司","G06K9/00; G06K9/62"
"盐城哈力动力传动及智能装备产业研究院有限公司","盐城永安科技有限公司","G06K9/00; F16M11/04; F16M11/06; F16M11/08; F16M11/18; F16M11/22"
"中国科学院高能物理研究所","杭州高能医疗设备有限公司","G06T5/00"
"段照洋","段照洋; 靳云奎","G06F3/033; G06F3/0354"
"山东师范大学","西安圣心安诺心理咨询有限公司","G06F40/295; G06F40/205; G06F40/253; G06N3/0464; G16H10/60"
"NXP股份有限公司; 英属开曼群岛商泰鼎微系统股份有限公司","英属开曼群岛商泰鼎微系统股份有限公司; 熵敏通讯公司","G06K9/46; G06T7/00; G06T5/00"
"立德高科(北京)数码科技有限责任公司","湖南泰利恒友科技开发有限公司","G06K19/06; G06K7/00"
"武汉斗鱼网络科技有限公司","深圳市邦友大数据服务有限公司","G06F16/957"
"诺基亚公司","斯比德航海有限公司","H04L29/12; H04M7/00; H04L12/56; H04L12/64; H04L12/66; H04L29/06; H04L29/08; H04M3/00; H04M3/42"
"复旦大学","复旦大学; 星环信息科技(上海)股份有限公司","G06F11/36; G06F16/2452"
"滁州名升电脑科技有限公司","苏程","G01C9/00; G06F18/241; G06F18/214; G06F18/15; G06N3/0985; G01C9/02"
"苏州同程旅游网络科技有限公司","同程网络科技股份有限公司","G06F17/30"
"方蓉; 成都安瑞芯科技有限公司","成都大超科技有限公司; 方蓉","G06V40/13"
"泰州市康平医疗科技有限公司; 安徽省徽腾智能交通科技有限公司泗县分公司","安徽省徽腾智能交通科技有限公司泗县分公司; 中环联合(北京)认证中心有限公司","G06K9/00; G06K9/36; G06K9/46"
"鸿富锦精密工业(深圳)有限公司; 鸿海精密工业股份有限公司","鸿富锦精密电子(天津)有限公司; 鸿海精密工业股份有限公司","G06F11/22; G06F9/445"
"铜仁学院","铜仁致用科技有限公司","G06Q10/06; B08B3/02; B08B1/00"
"湖州优研知识产权服务有限公司; 宁波大学; 黑龙江仁芯众康生物科技有限公司; 黑龙江优护健康科技有限公司; 广州煜景科技服务有限公司","广州煜景科技服务有限公司; 湖州优研知识产权服务有限公司; 哈尔滨裕昇科技发展有限公司; 黑龙江仁芯众康生物科技有限公司; 黑龙江优护健康科技有限公司","G06T7/00"
"辐射网络公司","英特尔公司","H04L12/56; H04B7/26; H04L12/00; H04L12/28; H04L12/70; H04L12/701; H04L12/707; H04L12/717; H04Q11/04; H04W16/14; H04W28/04; H04W40/06; H04W40/22; H04W88/04; H04L45/24; H04L45/42"
"捷开通讯(深圳)有限公司","拉萨新起点文化传播公司","G06F21/88; G06F21/35"
"王琼玮","广州华云智能科技有限公司","G06F1/16"
"泰州清润环保科技有限公司; 聚智诚(东莞)科技有限公司; 广东聚智诚科技有限公司; 江苏汇智达信息科技有限公司","聚智诚(东莞)科技有限公司; 广东聚智诚科技有限公司; 柒壹标准技术研究(广东)有限公司; 泰州清润环保科技有限公司","G06F16/13; G06F16/182; G06F16/11"
"北京工商大学","龙图腾网科技(合肥)股份有限公司","G06F16/2458; G06F16/26"
"清华大学; 北京清华长庚医院","北京精诊医疗科技有限公司","G06T7/12"
"杜伯仁; 韩凛露; 刘淑芳; 王凤立; 王润生; 吕琦","贵阳高登世德金融科技有限公司; 杜伯仁; 韩凛露; 刘淑芳; 王凤立; 王润生; 吕琦","H04L29/06; H04L29/08"
"苏州领佰思自动化科技有限公司","上海复旦微电子集团股份有限公司","G06F17/50"
"常山来博科技服务有限公司","深圳银宸科技有限公司","G06F3/02; B08B17/02; H01R13/72; H05B3/20; F21V33/00"
"中科创达软件股份有限公司","南京中创盎赛软件科技有限公司","G06K9/62"
"龙图腾网科技(合肥)股份有限公司; 广西师范大学","山东莱易信息产业股份公司; 龙图腾网科技(合肥)股份有限公司","G06T7/30; G06T5/00; G06T1/20; G06T17/00"
"陕西微阅信息技术有限公司; 深圳光启合众科技有限公司","南京蓝米信息技术有限公司; 陕西微阅信息技术有限公司","G06N3/00"
"上海振华重工(集团)股份有限公司","上海振华重工(集团)股份有限公司; 中交公路长大桥建设国家工程研究中心有限公司","G06F17/50"
"北京安云世纪科技有限公司","北京奇虎科技有限公司","G06F16/54; G06F3/0481"
"福州鼓楼星阑科技合伙企业(有限合伙)","清控有数(福建)科技有限公司","G06K9/00; G06K9/20; A61L2/18; A61L2/26; G08B7/06"
"太极计算机股份有限公司; 贾晓丰; 高嵩","北京市大数据中心; 太极计算机股份有限公司","G06F21/60; G06F21/62"
"信通院(保定)科技创新研究院有限公司","中国信息通信研究院","G06F30/23; G06F30/17; G01M7/02; G06F119/14"
"南京信息工程大学","深兰科技(上海)有限公司","G06Q10/04; G06K9/64"
"上海勘测设计研究院有限公司","中国长江三峡集团有限公司; 中国三峡新能源(集团)股份有限公司; 上海勘测设计研究院有限公司","H02J3/32; G06F30/27; G06N3/04; G06N3/08; H02J3/00; G06F111/04; G06F113/04; G06F113/06; G06F119/02"
"安徽省徽腾知识产权股份有限公司; 福建农林大学","深圳市微克科技有限公司; 安徽省徽腾知识产权股份有限公司","G05B19/042"
"江西易卫云信息技术有限公司","南昌协达科技发展有限公司","G06K17/00; G06Q10/06; G06Q50/26"
"中山索立德科技有限公司","珠海意动智能装备有限公司","G06Q10/08; G06Q10/04"
"冯淑芳","国信金宏(成都)检验检测技术研究院有限责任公司","G06F21/71; G06F21/55; H04L9/40"
"哲库科技(北京)有限公司","OPPO广东移动通信有限公司","H04L1/00; G06F3/06"
"努比亚技术有限公司","广州通博信息技术服务有限公司","G06F1/16; G06F9/445"
"张建民","张建国","G06F17/40; G09B19/00"
"赵玉辉; 华为技术有限公司","李幼丽; 赵玉辉","G06F17/30"
"深圳尚格知识产权服务有限公司; 中兴通讯股份有限公司","射阳县兴桥红星纺织工业园管理有限公司; 深圳尚格知识产权服务有限公司","G06F9/46"
"上海拆名晃信息科技有限公司","海宁思核机器人有限公司","G06T15/00"
"伟摩控股公司; 谷歌公司","伟摩有限责任公司; 伟摩控股公司","G06K9/00"
"刘芳; 宝清县腾康网络科技有限公司","深圳市爱的番茄科技有限公司; 刘芳","H04L9/40; H04L67/131; A63F13/70; A63F13/33; G06F16/27"
"金哲","国家电网公司; 国网湖北省电力公司检修公司","G06Q50/06; G06Q10/06; G06Q10/04; G08B19/02"
"广东高航知识产权运营有限公司; 华为技术有限公司","李文燕; 广东高航知识产权运营有限公司","H04L12/807; H04L1/16; H04L1/18; H04L47/27"
"珠海阔朗科技有限公司","上海贤接新材料科技有限公司","G06V20/10; G06V10/26; G06V10/30; G06V10/40; G06V10/762; G06V10/764; G06T17/05"
"湖南匡楚科技有限公司","叶才青","G06K19/067"
"彭晓东; 谢文明","中科深维互感(北京)科技有限公司","G06F3/01; G06T19/00"
"南京大学","中储南京智慧物流科技有限公司","G06F19/00"
"哈尔滨工业大学; 哈尔滨工业大学国家大学科技园发展有限公司","哈尔滨工业大学国家大学科技园发展有限公司; 哈尔滨工大正元信息技术有限公司","H04L1/18; H04L1/00"
"南京汇编交通科技有限公司; 张浩; 王宇曦; 淮安科畅科技信息有限公司","南京汇编交通科技有限公司; 淮安科畅科技信息有限公司","G06F16/906; G06F16/2458"
"优酷信息技术(北京)有限公司; 阿里巴巴(中国)有限公司","阿里巴巴(中国)有限公司; 阿里巴巴(成都)软件技术有限公司","G06F17/30; G06Q10/04"
"乌斯特技术股份公司; 乌斯特技术(中国)有限公司","乌斯特技术股份公司","G06Q10/06; G06Q10/10; G06Q50/04"
"哈尔滨工业大学","无锡睿文科技有限公司","G06F17/30"
"北京邮电大学","奇安信科技集团股份有限公司","H04L29/06"
"北京海量融通软件技术有限公司","天津海纳媒体大数据科技发展有限公司","G06F17/30"
"北京每日优鲜电子商务有限公司; 北京每日优鲜科技有限公司; 鹤壁时雨绮罗电商有限公司","北京每日优鲜科技有限公司; 鹤壁时雨绮罗电商有限公司; 云图信息(吉林)股份有限公司","G06F16/904"
"中兴通讯股份有限公司","深圳市迪浦电子有限公司","H04L12/741; H04L45/74; H04L49/111; G06N20/00"
"中路高科交通检测检验认证有限公司","中路高科交通检测检验认证有限公司; 中路高科交通科技集团有限公司","G06F8/34; G06F30/13"
"孙智江","海迪科(南通)光电科技有限公司; 孙智江","H01L33/42; H01L33/00"
"海拓仪器(江苏)有限公司; 南京开江科技有限公司; 栾兴","南京开江科技有限公司; 海拓仪器(江苏)有限公司","G06F40/232; G06F40/289; G06F40/226; G06F40/284"
"管华明","百望股份有限公司","G06F16/21; G06F21/60; G06F21/57"
"太仓红码软件技术有限公司","北京中投视讯文化传媒股份有限公司","G02B27/01; G06K9/32"
"上海东软载波微电子有限公司","上海东软载波微电子有限公司; 青岛东软载波科技股份有限公司","G06F13/32; G06F13/42; H04L101/627"
"南京悦华电力科技有限公司","南京钛能电子科技有限公司","G06F13/42; G06F13/38"
"霍海楠","深圳八度光电科技有限公司","A61H3/06; A61F9/08; G08B21/04; G01S15/93"
"东莞市七宝树教育科技有限公司","蓝色匠士教育科技有限公司","G06V10/22; G06V30/40; G06Q50/20"
"鲁库斯无线公司","艾锐势企业有限责任公司","H04L12/705; H04W76/04; H04L45/18"
"杭州瓯仁数据智能有限公司; 浙江工业大学; 东兴明白跨境电子商务有限公司","东兴明白跨境电子商务有限公司; 杭州瓯仁数据智能有限公司; 广西睿卿智能科技有限公司","G06Q10/04; G06Q10/08"
"平安普惠企业管理有限公司; 深圳市联创知识产权服务中心","深圳市联创知识产权服务中心; 盛银数科(沈阳)技术有限公司","G06Q20/10; G06Q40/06"
"成都实瑞达科技有限公司","深圳市欧菲投资控股有限公司","G06K9/00"
"刘一琛; 努比亚技术有限公司; 安徽长极机械工业科技有限公司","安徽长极机械工业科技有限公司; 刘一琛; 苏州慕名信息技术有限公司","H04L12/24; H04L12/28"
"李彬寅","上海交通大学医学院附属瑞金医院","G06T11/00; G16H30/40; G06T7/70"
"浙江工商大学","浙江工商大学; 浙江宇视科技有限公司","G06K9/00; G06K9/62; G06N3/04; G06N3/08"
"国网浙江省电力有限公司绍兴供电公司; 国网浙江省电力有限公司; 杭州辰青和业科技有限公司","国网浙江省电力有限公司绍兴供电公司; 国网浙江省电力有限公司","G06F16/2458; G06F16/29; G06Q10/04; G06Q50/06"
"重庆先迈通信技术有限公司","重庆秒银科技有限公司","H04L29/08; H04L29/06; G06Q10/06"
"深圳小木科技有限公司","孙晖","G06V20/52; G06V10/80; G06K9/62; G06N5/04"
"索莫亚私人有限公司","思科技术公司","G06F1/04; G06F1/10; G06F1/12"
"苏宁云计算有限公司; 苏宁云商集团股份有限公司","深圳市云网万店电子商务有限公司; 苏宁云计算有限公司","G06F16/953"
"张圣坤","深圳市凯东泰贸易有限公司","G06F3/0354; A61L2/10; A61L2/238"
"TCL移动通信科技(宁波)有限公司; 申淑香; 厦门靠谱知识产权服务有限公司; TCL通讯(宁波)有限公司","TCL通讯(宁波)有限公司; 中鹏兴玥软件开发有限公司; 申淑香; 厦门靠谱知识产权服务有限公司","G06F13/26; G06F13/42"
"统一有限责任两合公司; 统一专利有限责任两合公司; 铃盛IP控股公司","统一专利有限责任两合公司; 铃盛IP控股公司; 铃盛公司","H04L29/06; H04L29/12"
"西安智财全技术转移中心有限公司; 嘉兴芸诗娇电子商务有限公司; 浙江理工大学","嘉兴芸诗娇电子商务有限公司; 西安智财全技术转移中心有限公司","G06T7/215; G06T7/277; G06T7/285; G06K9/62"
"西北工业大学","西北工业大学; 西安爱生技术集团公司","G06T5/50; G06T5/10"
"常州轻工职业技术学院","江苏常无通信技术有限公司","H04L12/40; H04L29/06; H04L29/08"
"章程","大连天眼网络有限公司","G06F1/18; G06F1/20; G06F21/70"
"英业达股份有限公司","苏州夏洛特智能科技有限公司","H04L29/08; H04L12/24"
"浙江省电力试验研究院; 南京南瑞继保电气有限公司","浙江省电力公司电力科学研究院; 南京南瑞继保电气有限公司国家电网公司","G06F17/50"
"华为技术有限公司","张莉","H04L12/24; H04L12/00"
"努比亚技术有限公司","安徽中铁施封锁有限公司","G06F3/041; G06F3/0488"
"郭志忠","佛山创意产业园投资管理有限公司","G06K7/10; B65G1/04; B65G1/137"
"全球能源投资有限公司","吉尔德标准服务有限公司","G06Q40/00; G06T1/00"
"莱贝尔沃克斯有限责任公司","沃克瑟知识产权有限责任公司","H04L29/06; H04L12/58"
"用友软件股份有限公司","用友汽车信息科技(上海)有限公司","G06F17/30"
"南方电网技术研究中心","南方电网科学研究院有限责任公司","G06F17/50"
"湖州帷幄知识产权运营有限公司; 浙江远特新材料有限公司; 上海斐讯数据通信技术有限公司; 杭州吉吉知识产权运营有限公司","上海玮奕网络科技有限公司; 杭州吉吉知识产权运营有限公司; 浙江远特新材料有限公司; 湖州帷幄知识产权运营有限公司","H04L29/06"
"江苏科技大学","镇江坤眼信息科技有限公司","G06K9/00; G06K9/62; G06T7/00; G06F21/32"
"南昌欧菲光科技有限公司; 南昌欧菲光显示技术有限公司; 深圳欧菲光科技股份有限公司; 苏州欧菲光科技有限公司","安徽精卓光显技术有限责任公司; 南昌欧菲光科技有限公司","G06F3/041; G02B5/20; G02F1/1333; G02F1/1335"
"广州中国科学院软件应用技术研究所","广州中科易德科技有限公司","G06Q30/00"
"图兹公司","斯特兹有限责任公司","H04N21/435; H04N21/8549; H04N21/478; G06N20/00"
"深圳市创为安防有限公司; 深圳市拓革科技有限公司","深圳市拓革科技有限公司; 深圳市慧芯智能有限公司","G06F30/398"
"努比亚技术有限公司","南京锦云智开软件有限公司","H04L12/58"
"广元量知汇科技有限公司","广州阳光耐特电子有限公司","G06F16/2458; G06F16/25; G06Q10/06; G06Q50/26"
"中山大学","广东经纬天地科技有限公司","G06F16/33"
"金辉文","深圳市中选科技有限公司","G06K7/10; G06K19/06"
"宁波众合瑞通智能科技有限公司","浙江轩毅信息技术有限公司","G06K17/00; G07C9/22; G07C9/27; G06Q10/08; H04L29/08"
"深圳市华讯方舟卫星产业科技有限公司; 华讯方舟科技有限公司","深圳市华讯方舟光电技术有限公司; 深圳市华讯方舟卫星产业科技有限公司","H04L12/807; H04L1/18; H04L1/16; H04L29/06; H04L47/27"
"弗莱克斯电子有限责任公司; Z124; 青岛海信国际营销股份有限公司; 海视信息技术有限公司","Z124; 海视信息技术有限公司; 青岛海信电器股份有限公司; 青岛海信国际营销股份有限公司","G06F17/30"
"北京合众达电子技术有限责任公司","北京艾睿合众科技有限公司","H04L29/06"
"株洲市桑葚信息技术有限公司","湖南锘达科技有限公司","G06F1/20; B01D46/10"
"腾讯科技(深圳)有限公司; 广州酷狗计算机科技有限公司","广州酷狗计算机科技有限公司; 成都酷狗创业孵化器管理有限公司","H04L29/12"
"西安福安创意咨询有限责任公司","西安银嘉工程设计有限公司","G06F3/0482; G06F3/0354"
"北京美琦华悦通讯科技有限公司","北京赛特斯信息科技股份有限公司","G06F9/46"
"深圳市中雅德科技有限公司","鄂尔多斯市科轩信息科技有限公司","G06F1/18; B08B17/04"
"深圳市融智联科技有限公司; 广东天波教育科技有限公司","广东天波教育科技有限公司; 广东校乐园商业投资有限公司","G06F8/30; G06F8/38"
"穗保(广州)科技有限公司","国金众联(北京)人力资源服务有限公司","G06F21/62; G06F21/60; G06F21/31; G06F16/176"
"智慧城市系统服务(中国)有限公司; 中智科创机器人有限公司; 深圳中智科创机器人有限公司","深圳市中智科创机器人有限公司; 深圳中智科创机器人有限公司; 深圳中智卫安机器人技术有限公司","G06K9/00; G06K9/66"
"蓝迟高; 杭州皓倡科技有限公司","杭州皓倡科技有限公司; 李石凡","G06F1/18; G08B21/24"
"张著岳","南通北城科技创业管理有限公司","G06T5/50; G06T11/00"
"广州市烨兴融集团有限公司","深圳市理德好数据科技有限公司","G06Q10/10; G06F16/25; G06F9/50"
"国家电网公司; 浙江大学","国家电网公司; 国网北京经济技术研究院; 国网河南省电力公司; 浙江大学","G06F17/50"
"安徽百全度学教育科技有限公司","安徽艾特赛思智能科技有限公司","G09B5/14; G06Q50/20"
"深圳市华阅文化传媒有限公司","深圳市无限进制科技有限公司","H04L12/58; G06Q50/00"
"知识产权之桥一号有限责任公司","日本同源有限公司","G06F3/0485; G06F3/0488; H04N21/41"
"曾祥海","联益精密(中山)有限公司","G06F1/18"
"广东法诺文化传媒有限公司; 广东中科国志科技发展有限公司","广东中科国志科技发展有限公司","G06F3/01"
"厦门立控科技有限公司","厦门精鼎晟机械有限公司","G06Q10/06; G06K9/00; G06K17/00"
"北京华睿集成科技有限公司","北京赛博联物科技有限公司","G06K9/00"
"广东工业大学; 广东电网有限责任公司揭阳供电局","广东电网有限责任公司揭阳供电局","H02J3/38; G06N3/02"
"深圳市联创知识产权服务中心; 平安普惠企业管理有限公司","深圳市易行网数字科技有限公司; 深圳市联创知识产权服务中心","G06F11/36"
"集美大学","厦门市德道优升教育服务有限公司","H04L29/06; G06N3/08; G06N3/04; G06F40/289"
"北京未来聚典信息技术有限公司","北京元素起点科技有限公司","G06Q30/0202; G06Q30/0207"
"北京工业大学","合肥名龙电子科技有限公司","G06F3/01; G06V40/20; G06V40/10"
"武汉理工大学","嘉兴古奥基因科技有限公司","H04L9/32; H04L9/30; H04L9/08"
"上海掌门科技有限公司","杭州相宜时光科技有限公司","G06F9/451; H04M1/72451"
"童超","珠海天人科技有限公司","H04L29/06; G11B7/125; G11B7/135; G11B7/126"
"山东省科学院自动化研究所","山东信控智能科技有限责任公司","H04L12/26; H04L12/40; H04L29/08; G08C17/02"
"高东伟","中国石油化工股份有限公司; 中石化重庆涪陵页岩气勘探开发有限公司","G06F30/20; G06Q50/02; E21B43/26; E21B43/267; G06F119/14"
"常州伊冉科技有限公司; 常州德诗蓝电子科技有限公司","常州德诗蓝电子科技有限公司; 江苏瀚森电子商务有限公司","G06F17/30"
"北京地平线轨道技术有限公司; 北京交通大学; 神州高铁技术股份有限公司","神州高铁技术股份有限公司; 北京地平线轨道技术有限公司","H04L29/06"
"深圳银链网络科技有限公司; 北京银链速汇科技有限公司; 南京银链信息科技有限公司; 深圳银链科技有限公司","深圳银链科技有限公司; 深圳银链网络科技有限公司; 北京银链速汇科技有限公司; 深圳市众诚品业科技有限公司","H04L29/06"
"郑华平","边角智能科技(上海)有限公司","G06Q10/08"
"重庆杰菱汽车零部件有限公司; 横琴国际知识产权交易中心有限公司; 深圳富泰宏精密工业有限公司; 奇美通讯股份有限公司; 深圳市博尔普森科技有限公司; 烟台华发七弦琴知识产权运营有限公司","横琴国际知识产权交易中心有限公司; 重庆杰菱汽车零部件有限公司; 深圳市博尔普森科技有限公司; 烟台华发七弦琴知识产权运营有限公司","G06F3/01; G06F3/0487"
"中国电力科学研究院有限公司; 国家电网有限公司; 国网宁夏电力有限公司电力科学研究院","中国电力科学研究院有限公司; 国家电网有限公司; 国网宁夏电力有限公司电力科学研究院; 国网甘肃省电力公司","G06F30/20; G06Q50/06"
"杭州东信灵通电子实业公司","杭州东信金融技术服务有限公司","G06K7/01"
"中智城信息科技(苏州)有限公司","永麒科技集团有限公司","H04L12/66; H04L43/10; H04L67/10; H04L67/12; H04L67/141; H04L67/145"
"广州鹤一互联网科技有限公司; 星络智能科技有限公司; 恒大智慧科技有限公司","恒大智慧科技有限公司; 星络家居云物联科技有限公司; 星络智能科技有限公司","G06K9/00; G06K9/20; G06K9/40; G06K9/46; G06F16/53; G06F16/583"
"杭州亿脑智能科技有限公司","杭州亿脑新融科技集团有限公司","H04N5/232; H04N5/913"
"张凯","乌鲁木齐众维汇联信息科技有限公司","G06F3/01"
"深圳科士达科技股份有限公司; 深圳科士达新能源有限公司; 广东科士达工业科技有限公司","深圳科士达新能源有限公司","G06F1/18"
"四川长虹空调有限公司; 四川佳港科技有限公司","四川长虹空调有限公司; 成都康宇医用设备工程有限公司","G06F1/20; H05K7/20"
"南京裕隆生物医学发展有限公司","道可名康医学发展(上海)有限公司","G16H50/30; G16H10/60; G06T7/00; G06N3/08"
"台州学院","台州塔诺科技有限公司","G06T7/70; G06T1/00; G06T7/90; G06K9/00; G06K9/32; G01D21/02; B25J9/16; B25J19/04"
"星闻网股份有限公司","积体数位股份有限公司","G06K9/20; G06K9/00; G07D7/00; G07D7/128"
"西安理工大学","深圳康微视觉技术有限公司","G06F17/10; G01R23/16"
"贵州驰骏合力科技有限公司; 李和良","黄妙娟; 贵州驰骏合力科技有限公司","G06F1/16; G06F1/20"
"江苏吉天科技有限公司","福建天保益科技有限公司","G06F19/00; A61B5/0452"
"国网经济技术研究院有限公司; 国网天津市电力公司; 南京理工大学","国网经济技术研究院有限公司; 国网天津市电力公司","G06F16/906; G06K9/62; G06Q50/06; G06Q10/06; G06Q10/00"
"义乌市开晶进出口有限公司","国网山东省电力公司日照供电公司; 国家电网公司","G06F1/16; G06F21/83"
