type,in_degree_mean,in_degree_std,in_degree_count,out_degree_mean,out_degree_std,out_degree_count,betweenness_mean,betweenness_std,betweenness_count,eigenvector_mean,eigenvector_std,eigenvector_count
个人,2.497472013157871e-06,4.3486429021920784e-06,10517,7.76726139446364e-06,6.808986557751345e-06,10517,1.110921112346955e-10,6.44904202975235e-09,10517,4.3374507791830044e-05,0.0003633125534988517,10517
"个人,企业",4.162431832413482e-06,4.404475702425956e-06,3441,4.8993457459465035e-06,5.860021426367812e-06,3441,0.0,0.0,3441,4.651420483135261e-218,0.0,3441
"个人,企业,其他",6.49075284078616e-06,4.327168560524107e-06,4,2.1635842802620534e-06,4.327168560524107e-06,4,0.0,0.0,4,0.0,0.0,4
"个人,企业,学校",2.8468214213974385e-06,4.093091688058388e-06,76,6.03526141336257e-06,4.473488575107894e-06,76,0.0,0.0,76,2.420186113892442e-286,0.0,76
"个人,企业,机关团体",4.327168560524107e-06,4.561236156909449e-06,10,4.327168560524107e-06,4.561236156909449e-06,10,0.0,0.0,10,0.0,0.0,10
"个人,企业,科研单位",1.923186026899603e-06,3.816203964068044e-06,9,6.73115109414861e-06,3.816203964068044e-06,9,0.0,0.0,9,5.4e-323,0.0,9
"个人,其他",4.554914274235902e-06,4.439581268921211e-06,19,4.0994228468123115e-06,4.439581268921212e-06,19,0.0,0.0,19,0.0,0.0,19
"个人,其他,企业",0.0,,1,8.654337121048214e-06,,1,0.0,,1,0.0,,1
"个人,其他,企业,学校",0.0,,1,8.654337121048214e-06,,1,0.0,,1,0.0,,1
"个人,学校",2.4993128754751306e-06,4.012279838056635e-06,232,6.49075284078616e-06,4.392242415966841e-06,232,0.0,0.0,232,4.349611351055461e-14,6.625130629665713e-13,232
"个人,学校,企业",2.6898615376230935e-06,4.032789232138307e-06,74,6.198376586696693e-06,4.41989564169433e-06,74,0.0,0.0,74,0.0,0.0,74
"个人,机关团体",5.138512665622377e-06,4.31843561810008e-06,32,3.7862724904585934e-06,4.361925492857448e-06,32,0.0,0.0,32,1.82e-321,0.0,32
"个人,机关团体,企业",5.192602272628928e-06,4.469080472304583e-06,10,3.4617348484192856e-06,4.469080472304583e-06,10,0.0,0.0,10,0.0,0.0,10
"个人,科研单位",1.923186026899603e-06,3.648988925527559e-06,36,7.211947600873512e-06,3.8703372205727255e-06,36,0.0,0.0,36,0.0,0.0,36
"个人,科研单位,企业",5.192602272628928e-06,4.7401756614524245e-06,5,3.4617348484192856e-06,4.7401756614524245e-06,5,0.0,0.0,5,2.5e-323,0.0,5
"个人,科研单位,学校",0.0,,1,8.654337121048214e-06,,1,0.0,,1,0.0,,1
企业,6.381292928094884e-06,7.861766503402546e-06,85567,4.767385026210205e-06,2.377940128827611e-05,85567,6.660254110975719e-10,6.387733487565936e-08,85567,5.263606017236554e-05,0.0034131718111522617,85567
"企业,个人",4.5754136411476456e-06,4.650958699441447e-06,4044,4.598954122930913e-06,5.711669232312496e-06,4044,5.350202100300823e-12,2.453171153245127e-10,4044,7.117551751962394e-198,0.0,4044
"企业,个人,其他",6.923469696838571e-06,3.870337220572726e-06,5,1.7308674242096428e-06,3.870337220572726e-06,5,0.0,0.0,5,0.0,0.0,5
"企业,个人,其他,学校",8.654337121048214e-06,,1,0.0,,1,0.0,,1,0.0,,1
"企业,个人,学校",3.502945977567134e-06,4.4031541036043145e-06,126,5.288761573973909e-06,4.235814495547953e-06,126,0.0,0.0,126,1.4597947988557587e-286,0.0,126
"企业,个人,机关团体",5.769558080698809e-06,4.469080472304583e-06,6,2.8847790403494046e-06,4.469080472304583e-06,6,0.0,0.0,6,0.0,0.0,6
"企业,个人,科研单位",6.923469696838571e-06,5.473483388291338e-06,10,2.596301136314464e-06,4.180441990321404e-06,10,0.0,0.0,10,1.5e-323,0.0,10
"企业,其他",5.267857378029347e-06,4.246825953194908e-06,92,3.3864797430188664e-06,4.246825953194908e-06,92,0.0,0.0,92,9.43453e-319,0.0,92
"企业,其他,个人",4.327168560524107e-06,6.1195404649676545e-06,2,4.327168560524107e-06,6.1195404649676545e-06,2,0.0,0.0,2,0.0,0.0,2
"企业,其他,机关团体",4.327168560524107e-06,6.1195404649676545e-06,2,4.327168560524107e-06,6.1195404649676545e-06,2,0.0,0.0,2,0.0,0.0,2
"企业,其他,科研单位",5.769558080698809e-06,4.996583866494957e-06,3,2.8847790403494046e-06,4.996583866494957e-06,3,0.0,0.0,3,0.0,0.0,3
"企业,学校",3.898233250030206e-06,4.571864899731987e-06,4005,6.210378248662314e-06,9.74193598248548e-06,4005,4.105749099412874e-11,1.0134900051821947e-09,4005,1.5142108928921452e-06,5.5064879493273775e-05,4005
"企业,学校,个人",2.393752820715463e-06,3.891970483669746e-06,94,6.444719132695478e-06,4.00052366277202e-06,94,0.0,0.0,94,2.935119329614238e-286,0.0,94
"企业,学校,个人,其他",8.654337121048214e-06,,1,0.0,,1,0.0,,1,0.0,,1
"企业,学校,其他",0.0,,1,8.654337121048214e-06,,1,0.0,,1,0.0,,1
"企业,学校,机关团体",0.0,0.0,4,8.654337121048214e-06,0.0,4,0.0,0.0,4,0.0,0.0,4
"企业,学校,科研单位",1.7308674242096428e-06,3.870337220572726e-06,5,1.3846939393677142e-05,1.1611011661718179e-05,5,0.0,0.0,5,0.0,0.0,5
"企业,机关团体",5.967230306161724e-06,4.088018057245342e-06,467,4.262307361544089e-06,2.871641143582549e-05,467,0.0,0.0,467,2.2973485137317537e-11,4.300397279765112e-10,467
"企业,机关团体,个人",2.1635842802620534e-06,4.327168560524107e-06,4,6.49075284078616e-06,4.327168560524107e-06,4,0.0,0.0,4,0.0,0.0,4
"企业,机关团体,学校",6.1301554607424845e-06,4.0182573755509485e-06,24,2.5241816603057288e-06,4.0182573755509485e-06,24,0.0,0.0,24,7.198e-320,0.0,24
"企业,科研单位",5.336548650707215e-06,4.752889080765412e-06,986,4.58170788761376e-06,6.322121134020782e-06,986,5.26642205929814e-11,1.6536900703689554e-09,986,3.338192334795708e-10,6.063186421034035e-09,986
"企业,科研单位,个人",2.1635842802620534e-06,4.327168560524107e-06,4,6.49075284078616e-06,4.327168560524107e-06,4,0.0,0.0,4,0.0,0.0,4
"企业,科研单位,其他",0.0,,1,8.654337121048214e-06,,1,0.0,,1,0.0,,1
"企业,科研单位,学校",5.4999525629091445e-06,4.350378863948011e-06,107,3.8014378008342623e-06,5.723080115160654e-06,107,0.0,0.0,107,1.5273787e-317,0.0,107
"企业,科研单位,机关团体",7.933142360960863e-06,2.4982919332474786e-06,12,7.211947600873511e-07,2.498291933247478e-06,12,0.0,0.0,12,4e-322,0.0,12
"企业,科研单位,机关团体,学校",8.654337121048214e-06,,1,0.0,,1,0.0,,1,1.4684e-320,,1
其他,4.563195936552694e-06,4.49602247577797e-06,110,4.7205475205717536e-06,5.194767210089107e-06,110,0.0,0.0,110,9.330103381302062e-09,6.396748711000646e-08,110
"其他,个人",6.923469696838571e-06,3.870337220572726e-06,5,1.7308674242096428e-06,3.870337220572726e-06,5,0.0,0.0,5,0.0,0.0,5
"其他,个人,企业",6.49075284078616e-06,4.327168560524107e-06,4,2.1635842802620534e-06,4.327168560524107e-06,4,0.0,0.0,4,0.0,0.0,4
"其他,企业",5.507305440667045e-06,4.211261885109171e-06,44,3.1470316803811685e-06,4.211261885109171e-06,44,0.0,0.0,44,0.0,0.0,44
"其他,企业,个人",5.769558080698809e-06,4.996583866494957e-06,3,2.8847790403494046e-06,4.996583866494957e-06,3,0.0,0.0,3,0.0,0.0,3
"其他,企业,科研单位",0.0,,1,8.654337121048214e-06,,1,0.0,,1,0.0,,1
"其他,学校",8.077381312978333e-06,2.234540236152292e-06,15,5.769558080698809e-07,2.2345402361522917e-06,15,0.0,0.0,15,5.3483e-320,0.0,15
"其他,机关团体",8.654337121048214e-06,,1,0.0,,1,0.0,,1,0.0,,1
"其他,科研单位",4.327168560524107e-06,4.740175661452424e-06,6,5.769558080698809e-06,4.469080472304583e-06,6,0.0,0.0,6,2.296868459615461e-261,0.0,6
"其他,科研单位,学校",8.654337121048214e-06,,1,0.0,,1,0.0,,1,0.0,,1
学校,8.889166917185193e-06,1.37287407530655e-05,1511,4.363824918945489e-05,0.00012494992298403272,1511,3.001291293674404e-09,3.489928031814641e-08,1511,3.2251219581566597e-06,0.00011950916421720189,1511
"学校,个人",1.2846281664055942e-06,3.088993630901451e-06,128,7.707768998433565e-06,3.116465092080088e-06,128,0.0,0.0,128,3.2299712713342425e-262,0.0,128
"学校,个人,企业",1.986241306470082e-06,3.669494260992325e-06,61,7.093718951678864e-06,4.03091385785487e-06,61,0.0,0.0,61,4.82450654781816e-177,0.0,61
"学校,个人,科研单位",0.0,,1,8.654337121048214e-06,,1,0.0,,1,0.0,,1
"学校,企业",1.058999112867326e-06,3.063715268709309e-06,1234,1.1326381240269744e-05,1.3623348110333228e-05,1234,0.0,0.0,1234,1.430931439628401e-177,0.0,1234
"学校,企业,个人",1.5203565212652266e-06,3.315836534943479e-06,74,7.835683609597707e-06,4.094205800126857e-06,74,0.0,0.0,74,1.2427982747015242e-286,0.0,74
"学校,企业,其他",0.0,0.0,3,8.654337121048214e-06,0.0,3,0.0,0.0,3,0.0,0.0,3
"学校,企业,机关团体",0.0,,1,8.654337121048214e-06,,1,0.0,,1,0.0,,1
"学校,企业,科研单位",0.0,0.0,4,1.0817921401310268e-05,4.327168560524107e-06,4,0.0,0.0,4,0.0,0.0,4
"学校,其他",0.0,,1,8.654337121048214e-06,,1,0.0,,1,0.0,,1
"学校,其他,企业",0.0,0.0,2,8.654337121048214e-06,0.0,2,0.0,0.0,2,0.0,0.0,2
"学校,机关团体",2.1635842802620534e-06,4.006179628437077e-06,8,8.654337121048214e-06,6.5420639384023625e-06,8,0.0,0.0,8,0.0,0.0,8
"学校,机关团体,企业",0.0,0.0,2,8.654337121048214e-06,0.0,2,0.0,0.0,2,0.0,0.0,2
"学校,科研单位",4.7205475205717536e-06,5.806901888551713e-06,22,1.101461088133409e-05,8.092887503934706e-06,22,0.0,0.0,22,9.583717179529991e-18,4.495161809655802e-17,22
"学校,科研单位,企业",0.0,0.0,7,8.654337121048214e-06,0.0,7,0.0,0.0,7,0.0,0.0,7
机关团体,6.230365235940618e-06,7.839232833865885e-06,457,5.113065695148835e-06,7.118129408711038e-06,457,3.787521626891296e-11,8.09679644914911e-10,457,0.00011942337184157611,0.0018061552812555562,457
"机关团体,个人",5.192602272628928e-06,4.469080472304583e-06,10,3.4617348484192856e-06,4.469080472304583e-06,10,0.0,0.0,10,0.0,0.0,10
"机关团体,个人,企业",7.418003246612754e-06,3.2710319692011813e-06,7,1.2363338744354592e-06,3.2710319692011804e-06,7,0.0,0.0,7,0.0,0.0,7
"机关团体,企业",7.3502589247258795e-06,3.981185252912885e-06,146,5.571970475195426e-06,4.728981869605283e-05,146,0.0,0.0,146,2.306176120873214e-131,2.786563209171704e-130,146
"机关团体,企业,个人",2.1635842802620534e-06,4.006179628437077e-06,8,6.49075284078616e-06,4.006179628437077e-06,8,0.0,0.0,8,0.0,0.0,8
"机关团体,企业,学校",0.0,,1,8.654337121048214e-06,,1,0.0,,1,0.0,,1
"机关团体,学校",5.617727604890946e-06,4.305279167135077e-06,114,3.4161857056769264e-06,4.69358258624963e-06,114,0.0,0.0,114,4.0406767600825913e-07,4.31426171911573e-06,114
"机关团体,学校,企业",5.192602272628928e-06,4.7401756614524245e-06,5,3.4617348484192856e-06,4.7401756614524245e-06,5,0.0,0.0,5,0.0,0.0,5
科研单位,4.901907743645311e-06,7.130388931413738e-06,911,1.0554301362771202e-05,3.3736051107278955e-05,911,0.0,0.0,911,2.8526334241062037e-06,7.736535107901345e-05,911
"科研单位,个人",3.1470316803811685e-06,4.366329255203533e-06,11,5.507305440667045e-06,4.366329255203533e-06,11,0.0,0.0,11,0.0,0.0,11
"科研单位,个人,企业",4.327168560524107e-06,4.740175661452424e-06,6,4.327168560524107e-06,4.740175661452424e-06,6,0.0,0.0,6,0.0,0.0,6
"科研单位,企业",4.213295703668209e-06,4.55779780612422e-06,228,6.300964746026331e-06,7.899743228103197e-06,228,0.0,0.0,228,1.640897141456304e-184,0.0,228
"科研单位,企业,个人",5.769558080698809e-06,4.996583866494957e-06,3,2.8847790403494046e-06,4.996583866494957e-06,3,0.0,0.0,3,0.0,0.0,3
"科研单位,企业,学校",4.327168560524107e-06,4.996583866494957e-06,4,4.327168560524107e-06,4.996583866494957e-06,4,0.0,0.0,4,0.0,0.0,4
"科研单位,其他",0.0,,1,8.654337121048214e-06,,1,0.0,,1,0.0,,1
"科研单位,学校",6.252065607020596e-06,4.459556203271638e-06,281,3.511012212809595e-06,7.010831322205062e-06,281,0.0,0.0,281,2.553345093345316e-238,0.0,281
"科研单位,学校,企业",3.24537642039308e-06,4.327168560524107e-06,16,5.408960700655134e-06,4.327168560524107e-06,16,0.0,0.0,16,6.3e-322,0.0,16
"科研单位,学校,机关团体",0.0,,1,8.654337121048214e-06,,1,0.0,,1,0.0,,1
"科研单位,机关团体",5.563502434959566e-06,4.1970558341930495e-06,42,3.090834686088648e-06,4.1970558341930495e-06,42,0.0,0.0,42,5.3325e-320,0.0,42
"科研单位,机关团体,学校",8.654337121048214e-06,4.996583866494957e-06,7,1.2363338744354592e-06,3.2710319692011804e-06,7,0.0,0.0,7,3.5e-323,0.0,7
